insert into region (region_id, zone, state, country) values ('R01', 'LANGKAWI', 'PERAK', 'MALAYSIA');
insert into region (region_id, zone, state, country) values ('R02', 'PUTRAJAYA', 'MELAKA', 'MALAYSIA');
insert into region (region_id, zone, state, country) values ('R03', 'IPOH', 'KELANTAN', 'MALAYSIA');
insert into region (region_id, zone, state, country) values ('R04', 'KOTA KINABALU', 'NEGERI SEMBILAN', 'MALAYSIA');
insert into region (region_id, zone, state, country) values ('R05', 'JOHOR BAHRU', 'KEDAH', 'MALAYSIA');
insert into region (region_id, zone, state, country) values ('R06', 'IPOH', 'NEGERI SEMBILAN', 'MALAYSIA');
insert into region (region_id, zone, state, country) values ('R07', 'SHAH ALAM', 'JOHOR', 'MALAYSIA');
insert into region (region_id, zone, state, country) values ('R08', 'PUTRAJAYA', 'PULAU PINANG', 'MALAYSIA');
insert into region (region_id, zone, state, country) values ('R09', 'KOTA KINABALU', 'PERLIS', 'MALAYSIA');
insert into region (region_id, zone, state, country) values ('R10', 'JOHOR BAHRU', 'KELANTAN', 'MALAYSIA');

insert into branch (branch_id, name, opening_time, closing_time, address, postcode, region_id) values ('B001', 'KEPONG VILLAGE MALL', '11:00', '02:00', '90560 Little Fleur Park', '11362', 'R01');
insert into branch (branch_id, name, opening_time, closing_time, address, postcode, region_id) values ('B002', 'DEWAN BANDARAYA KUCHING UTARA', '09:30', '01:30', '762 Coolidge Center', '18498', 'R01');
insert into branch (branch_id, name, opening_time, closing_time, address, postcode, region_id) values ('B003', 'PARADIGM MALL PJ', '10:00', '00:30', '1 Anderson Place', '68679', 'R02');
insert into branch (branch_id, name, opening_time, closing_time, address, postcode, region_id) values ('B004', 'CAPITAL MALL', '09:30', '01:00', '42576 Schmedeman Road', '42114', 'R02');
insert into branch (branch_id, name, opening_time, closing_time, address, postcode, region_id) values ('B005', 'IOI CITY MALL', '09:30', '00:30', '2 Emmet Junction', '81593', 'R03');
insert into branch (branch_id, name, opening_time, closing_time, address, postcode, region_id) values ('B006', 'QUEENSBAY MALL', '09:00', '01:00', '1061 Upham Pass', '28862', 'R03');
insert into branch (branch_id, name, opening_time, closing_time, address, postcode, region_id) values ('B007', 'PLAZA GURNEY', '11:00', '02:00', '9224 Scofield Way', '29825', 'R04');
insert into branch (branch_id, name, opening_time, closing_time, address, postcode, region_id) values ('B008', 'AEON MALL TEBRAU CITY', '10:00', '00:00', '24 Algoma Junction', '46400', 'R04');
insert into branch (branch_id, name, opening_time, closing_time, address, postcode, region_id) values ('B009', 'LUZERN PARAGON MALL', '09:00', '02:00', '56 Saint Paul Place', '8570', 'R05');
insert into branch (branch_id, name, opening_time, closing_time, address, postcode, region_id) values ('B010', 'PAVILION KUALA LUMPUR', '11:00', '01:30', '8 Starling Court', '42562', 'R05');
insert into branch (branch_id, name, opening_time, closing_time, address, postcode, region_id) values ('B011', 'QUILL CITY MALL', '09:00', '02:00', '491 Lakewood Street', '43560', 'R06');
insert into branch (branch_id, name, opening_time, closing_time, address, postcode, region_id) values ('B012', 'NU SENTRAL', '10:00', '01:00', '01081 Melvin Parkway', '53888', 'R06');
insert into branch (branch_id, name, opening_time, closing_time, address, postcode, region_id) values ('B013', 'AEON MALL KOTA BHARU', '10:00', '00:00', '09 Carey Road', '98041', 'R07');
insert into branch (branch_id, name, opening_time, closing_time, address, postcode, region_id) values ('B014', 'GREAT EASTERN MALL', '10:30', '00:00', '696 Thierer Park', '2090', 'R07');
insert into branch (branch_id, name, opening_time, closing_time, address, postcode, region_id) values ('B015', 'AEON MALL KOTA BHARU', '10:30', '01:30', '60172 Russell Trail', '54193', 'R08');
insert into branch (branch_id, name, opening_time, closing_time, address, postcode, region_id) values ('B016', 'GURNEY PARAGON MALL', '11:00', '00:30', '0 Bartillon Court', '94582', 'R08');
insert into branch (branch_id, name, opening_time, closing_time, address, postcode, region_id) values ('B017', 'GLO DAMANSARA MALL', '10:30', '00:00', '20229 Anzinger Circle', '31883', 'R09');
insert into branch (branch_id, name, opening_time, closing_time, address, postcode, region_id) values ('B018', 'MITSUI OUTLET PARK KLIA SEPANG', '10:30', '00:30', '72470 Orin Parkway', '88142', 'R09');
insert into branch (branch_id, name, opening_time, closing_time, address, postcode, region_id) values ('B019', '1UTAMA', '10:30', '01:30', '60 2nd Plaza', '82267', 'R10');
insert into branch (branch_id, name, opening_time, closing_time, address, postcode, region_id) values ('B020', 'PARADIGM MALL JB', '09:00', '01:30', '55 Huxley Park', '8618', 'R10');

insert into hall (hall_id, floor, num, hall_type, branch_id) values ('H0001', 2, 8, 'BEANIE', 'B001');
insert into hall (hall_id, floor, num, hall_type, branch_id) values ('H0002', 3, 7, 'BEANIE', 'B001');
insert into hall (hall_id, floor, num, hall_type, branch_id) values ('H0003', 2, 11, 'CHILL', 'B002');
insert into hall (hall_id, floor, num, hall_type, branch_id) values ('H0004', 1, 5, 'INDULGE', 'B002');
insert into hall (hall_id, floor, num, hall_type, branch_id) values ('H0005', 2, 13, 'STANDARD', 'B003');
insert into hall (hall_id, floor, num, hall_type, branch_id) values ('H0006', 2, 1, 'CHILL', 'B003');
insert into hall (hall_id, floor, num, hall_type, branch_id) values ('H0007', 3, 2, 'BEANIE', 'B004');
insert into hall (hall_id, floor, num, hall_type, branch_id) values ('H0008', 3, 14, 'BEANIE', 'B004');
insert into hall (hall_id, floor, num, hall_type, branch_id) values ('H0009', 1, 10, 'STANDARD', 'B005');
insert into hall (hall_id, floor, num, hall_type, branch_id) values ('H0010', 2, 15, 'CHILL', 'B005');
insert into hall (hall_id, floor, num, hall_type, branch_id) values ('H0011', 1, 7, 'CHILL', 'B006');
insert into hall (hall_id, floor, num, hall_type, branch_id) values ('H0012', 2, 12, 'STANDARD', 'B006');
insert into hall (hall_id, floor, num, hall_type, branch_id) values ('H0013', 2, 14, 'INDULGE', 'B007');
insert into hall (hall_id, floor, num, hall_type, branch_id) values ('H0014', 2, 11, 'BEANIE', 'B007');
insert into hall (hall_id, floor, num, hall_type, branch_id) values ('H0015', 1, 5, 'BEANIE', 'B008');
insert into hall (hall_id, floor, num, hall_type, branch_id) values ('H0016', 1, 4, 'BEANIE', 'B008');
insert into hall (hall_id, floor, num, hall_type, branch_id) values ('H0017', 2, 11, 'INDULGE', 'B009');
insert into hall (hall_id, floor, num, hall_type, branch_id) values ('H0018', 1, 1, 'IMAX', 'B009');
insert into hall (hall_id, floor, num, hall_type, branch_id) values ('H0019', 2, 2, 'BEANIE', 'B010');
insert into hall (hall_id, floor, num, hall_type, branch_id) values ('H0020', 3, 7, 'IMAX', 'B010');
insert into hall (hall_id, floor, num, hall_type, branch_id) values ('H0021', 3, 14, 'INDULGE', 'B011');
insert into hall (hall_id, floor, num, hall_type, branch_id) values ('H0022', 1, 9, 'IMAX', 'B011');
insert into hall (hall_id, floor, num, hall_type, branch_id) values ('H0023', 2, 13, 'INDULGE', 'B012');
insert into hall (hall_id, floor, num, hall_type, branch_id) values ('H0024', 2, 12, 'BEANIE', 'B012');
insert into hall (hall_id, floor, num, hall_type, branch_id) values ('H0025', 1, 12, 'INDULGE', 'B013');
insert into hall (hall_id, floor, num, hall_type, branch_id) values ('H0026', 2, 1, 'INDULGE', 'B013');
insert into hall (hall_id, floor, num, hall_type, branch_id) values ('H0027', 3, 9, 'STANDARD', 'B014');
insert into hall (hall_id, floor, num, hall_type, branch_id) values ('H0028', 2, 8, 'BEANIE', 'B014');
insert into hall (hall_id, floor, num, hall_type, branch_id) values ('H0029', 1, 4, 'STANDARD', 'B015');
insert into hall (hall_id, floor, num, hall_type, branch_id) values ('H0030', 2, 7, 'INDULGE', 'B015');
insert into hall (hall_id, floor, num, hall_type, branch_id) values ('H0031', 3, 5, 'IMAX', 'B016');
insert into hall (hall_id, floor, num, hall_type, branch_id) values ('H0032', 2, 11, 'IMAX', 'B016');
insert into hall (hall_id, floor, num, hall_type, branch_id) values ('H0033', 1, 15, 'INDULGE', 'B017');
insert into hall (hall_id, floor, num, hall_type, branch_id) values ('H0034', 2, 4, 'IMAX', 'B017');
insert into hall (hall_id, floor, num, hall_type, branch_id) values ('H0035', 2, 1, 'CHILL', 'B018');
insert into hall (hall_id, floor, num, hall_type, branch_id) values ('H0036', 3, 7, 'IMAX', 'B018');
insert into hall (hall_id, floor, num, hall_type, branch_id) values ('H0037', 3, 5, 'CHILL', 'B019');
insert into hall (hall_id, floor, num, hall_type, branch_id) values ('H0038', 1, 15, 'CHILL', 'B019');
insert into hall (hall_id, floor, num, hall_type, branch_id) values ('H0039', 2, 4, 'STANDARD', 'B020');
insert into hall (hall_id, floor, num, hall_type, branch_id) values ('H0040', 3, 14, 'BEANIE', 'B020');

insert into movie (movie_id, name, genre, description , content_rating, release_date) values ('M00001', 'Knife in the Water', 'Drama', 'A hobbit named Frodo embarks on a perilous journey to destroy an ancient ring that could enslave the world accompanied by a fellowship of warriors and wizards or other creatures.', '18', '1-Jan-2014');
insert into movie (movie_id, name, genre, description , content_rating, release_date) values ('M00002', 'Andre', 'Adventure|Children|Drama', 'A group of rebels fight against a tyrannical government in a post-apocalyptic world.', 'U', '3-Jan-2014');
insert into movie (movie_id, name, genre, description , content_rating, release_date) values ('M00003', 'Tokyo Trial (Tokyo saiban)', 'Documentary', 'A young boy befriends a friendly alien but must protect him from the government agents who seek to capture him.', '18', '4-Jan-2014');
insert into movie (movie_id, name, genre, description , content_rating, release_date) values ('M00004', 'Casanova 70', 'Comedy|Drama', 'A group of scientists visit a theme park filled with cloned dinosaurs --only to face a catastrophic failure in the security system that puts their lives in danger.', 'U', '11-Jan-2014');
insert into movie (movie_id, name, genre, description , content_rating, release_date) values ('M00005', 'Acacia', 'Horror|Mystery', 'A story about a group of programmer targeting his former colleagues.', '18', '12-Jan-2014');
insert into movie (movie_id, name, genre, description , content_rating, release_date) values ('M00006', 'Last of the Unjust', 'Documentary', 'A computer programmer discovers that the world he lives in is a simulated reality and joins a group of rebels in their fight against the machines that control it.', '18', '12-Jan-2014');
insert into movie (movie_id, name, genre, description , content_rating, release_date) values ('M00007', 'Darkness', 'Horror|Mystery', 'Adventurer Indiana Jones goes on a quest to find the legendary Ark of the Covenant before it falls into the wrong hands.', '18', '21-Jan-2014');
insert into movie (movie_id, name, genre, description , content_rating, release_date) values ('M00008', 'Adventures of Ford Fairlane', 'Action|Comedy', 'A young cop goes undercover to infiltrate a Boston crime syndicate while a member of the syndicate becomes an informant for the police.', '13', '22-Jan-2014');
insert into movie (movie_id, name, genre, description , content_rating, release_date) values ('M00009', 'Jazz Singer', 'Musical', 'A man is falsely convicted of murder and sent to prison where he forms a friendship with another inmate', '18', '3-Feb-2014');
insert into movie (movie_id, name, genre, description , content_rating, release_date) values ('M00010', 'Childs Pose', 'Drama', 'A small beach town is terrorized by a giant man-eating shark -- as the local police chief (a marine biologist) and a shark hunter team up to stop it.', '18', '3-Feb-2014');
insert into movie (movie_id, name, genre, description , content_rating, release_date) values ('M00011', 'The Godfather', 'Horror|Mystery', 'A news report is shown that the assailants were Annabelle Higgins and her boyfriend. They murdered her parents and are said to have been part of a demonic cult. ', '18', '3-Feb-2014');
insert into movie (movie_id, name, genre, description , content_rating, release_date) values ('M00012', 'Forrest Gump', 'Comedy|Drama', 'A young cop goes undercover to infiltrate a Boston crime syndicate while a member of the syndicate becomes an informant for the police.', '13', '10-Feb-2014');
insert into movie (movie_id, name, genre, description , content_rating, release_date) values ('M00013', 'The Dark Knight', 'Horror|Mystery', 'A non-linear narrative follows the intertwined lives of various characters -- including two hitmen and a boxer plus a gangsters wife.', '18', '15-Feb-2014');
insert into movie (movie_id, name, genre, description , content_rating, release_date) values ('M00014', 'Schindlers List', 'Horror|Mystery', 'To maintain low crime and unemployment rates throughout the year -- the government has instituted an annual 12-hour period called The Purge during which all criminal activity (including murder- theft- rape- etc.)', '18', '3-Mar-2014');
insert into movie (movie_id, name, genre, description , content_rating, release_date) values ('M00015', 'Pulp Fiction', 'Documentary', 'The story of the founding of Facebook and the ensuing legal battles as told through the perspectives of its co-founders and their various allies.', '13', '4-Mar-2014');
insert into movie (movie_id, name, genre, description , content_rating, release_date) values ('M00016', 'The Shawshank Redemption', 'Horror|Mystery', 'A group of criminals are brought together for a heist but everything goes wrong when they are pursued by a mysterious mastermind. ', '18', '11-Mar-2014');
insert into movie (movie_id, name, genre, description , content_rating, release_date) values ('M00017', 'Titanic', 'Drama', 'A poor artist falls in love with a wealthy woman aboard the doomed Titanic, as they struggle to survive the sinking ship.', '13', '15-Mar-2014');
insert into movie (movie_id, name, genre, description , content_rating, release_date) values ('M00018', 'Star Wars: A New Hope', 'Adventure|Children|Drama', 'A space opera set - a long time ago in a galaxy far away-- the film centres on Luke Skywalker (played by the then relatively unknown Mark Hamill) -- a young man who finds himself embroiled in an interplanetary war between an authoritarian empire and rebel forces.', 'U', '16-Mar-2014');
insert into movie (movie_id, name, genre, description , content_rating, release_date) values ('M00019', 'The Matrix', 'Action|Comedy', 'A German businessman saves the lives of hundreds of Jewish refugees during the Holocaust by employing them in his factory.', 'U', '20-Mar-2014');
insert into movie (movie_id, name, genre, description , content_rating, release_date) values ('M00020', 'Goodfellas', 'Documentary', 'A simple-minded man experiences various historic events throughout his life while searching for the love of his life.', '13', '25-Mar-2014');

insert into schedule  (schedule_id, showtime, endtime, movie_id, hall_id) values ('X000000001', TO_DATE('1-Jan-20 11:00 AM', 'DD-MON-YYYY HH:MI AM'), TO_DATE('1-Jan-20 01:30 PM', 'DD-MON-YYYY HH:MI AM'), 'M00001', 'H0001');
insert into schedule  (schedule_id, showtime, endtime, movie_id, hall_id) values ('X000000002', TO_DATE('5-Jan-20 02:00 PM', 'DD-MON-YYYY HH:MI AM'), TO_DATE('5-Jan-20 04:30 PM', 'DD-MON-YYYY HH:MI AM'), 'M00002', 'H0002');
insert into schedule  (schedule_id, showtime, endtime, movie_id, hall_id) values ('X000000003', TO_DATE('8-Jan-20 05:00 PM', 'DD-MON-YYYY HH:MI AM'), TO_DATE('8-Jan-20 07:30 PM', 'DD-MON-YYYY HH:MI AM'), 'M00003', 'H0003');
insert into schedule  (schedule_id, showtime, endtime, movie_id, hall_id) values ('X000000004', TO_DATE('11-Jan-20 08:00 PM', 'DD-MON-YYYY HH:MI AM'), TO_DATE('11-Jan-20 10:30 PM', 'DD-MON-YYYY HH:MI AM'), 'M00004', 'H0004');
insert into schedule  (schedule_id, showtime, endtime, movie_id, hall_id) values ('X000000005', TO_DATE('14-Jan-20 11:00 PM', 'DD-MON-YYYY HH:MI AM'), TO_DATE('14-Jan-20 01:30 AM', 'DD-MON-YYYY HH:MI AM'), 'M00005', 'H0005');
insert into schedule  (schedule_id, showtime, endtime, movie_id, hall_id) values ('X000000006', TO_DATE('17-Jan-20 11:00 AM', 'DD-MON-YYYY HH:MI AM'), TO_DATE('17-Jan-20 01:30 PM', 'DD-MON-YYYY HH:MI AM'), 'M00006', 'H0006');
insert into schedule  (schedule_id, showtime, endtime, movie_id, hall_id) values ('X000000007', TO_DATE('20-Jan-20 02:00 PM', 'DD-MON-YYYY HH:MI AM'), TO_DATE('20-Jan-20 04:30 PM', 'DD-MON-YYYY HH:MI AM'), 'M00007', 'H0007');
insert into schedule  (schedule_id, showtime, endtime, movie_id, hall_id) values ('X000000008', TO_DATE('23-Jan-20 05:00 PM', 'DD-MON-YYYY HH:MI AM'), TO_DATE('23-Jan-20 07:30 PM', 'DD-MON-YYYY HH:MI AM'), 'M00008', 'H0008');
insert into schedule  (schedule_id, showtime, endtime, movie_id, hall_id) values ('X000000009', TO_DATE('26-Jan-20 08:00 PM', 'DD-MON-YYYY HH:MI AM'), TO_DATE('26-Jan-20 10:30 PM', 'DD-MON-YYYY HH:MI AM'), 'M00009', 'H0009');
insert into schedule  (schedule_id, showtime, endtime, movie_id, hall_id) values ('X000000010', TO_DATE('29-Jan-20 11:00 PM', 'DD-MON-YYYY HH:MI AM'), TO_DATE('29-Jan-20 01:30 AM', 'DD-MON-YYYY HH:MI AM'), 'M00010', 'H0010');
insert into schedule  (schedule_id, showtime, endtime, movie_id, hall_id) values ('X000000011', TO_DATE('1-Feb-20 11:00 AM', 'DD-MON-YYYY HH:MI AM'), TO_DATE('1-Feb-20 01:30 PM', 'DD-MON-YYYY HH:MI AM'), 'M00011', 'H0011');
insert into schedule  (schedule_id, showtime, endtime, movie_id, hall_id) values ('X000000012', TO_DATE('4-Feb-20 02:00 PM', 'DD-MON-YYYY HH:MI AM'), TO_DATE('4-Feb-20 04:30 PM', 'DD-MON-YYYY HH:MI AM'), 'M00012', 'H0012');
insert into schedule  (schedule_id, showtime, endtime, movie_id, hall_id) values ('X000000013', TO_DATE('7-Feb-20 05:00 PM', 'DD-MON-YYYY HH:MI AM'), TO_DATE('7-Feb-20 07:30 PM', 'DD-MON-YYYY HH:MI AM'), 'M00013', 'H0013');
insert into schedule  (schedule_id, showtime, endtime, movie_id, hall_id) values ('X000000014', TO_DATE('10-Feb-20 08:00 PM', 'DD-MON-YYYY HH:MI AM'), TO_DATE('10-Feb-20 10:30 PM', 'DD-MON-YYYY HH:MI AM'), 'M00014', 'H0014');
insert into schedule  (schedule_id, showtime, endtime, movie_id, hall_id) values ('X000000015', TO_DATE('13-Feb-20 11:00 PM', 'DD-MON-YYYY HH:MI AM'), TO_DATE('13-Feb-20 01:30 AM', 'DD-MON-YYYY HH:MI AM'), 'M00015', 'H0015');
insert into schedule  (schedule_id, showtime, endtime, movie_id, hall_id) values ('X000000016', TO_DATE('16-Feb-20 11:00 AM', 'DD-MON-YYYY HH:MI AM'), TO_DATE('16-Feb-20 01:30 PM', 'DD-MON-YYYY HH:MI AM'), 'M00016', 'H0016');
insert into schedule  (schedule_id, showtime, endtime, movie_id, hall_id) values ('X000000017', TO_DATE('19-Feb-20 02:00 PM', 'DD-MON-YYYY HH:MI AM'), TO_DATE('19-Feb-20 04:30 PM', 'DD-MON-YYYY HH:MI AM'), 'M00017', 'H0017');
insert into schedule  (schedule_id, showtime, endtime, movie_id, hall_id) values ('X000000018', TO_DATE('22-Feb-20 05:00 PM', 'DD-MON-YYYY HH:MI AM'), TO_DATE('22-Feb-20 07:30 PM', 'DD-MON-YYYY HH:MI AM'), 'M00018', 'H0018');
insert into schedule  (schedule_id, showtime, endtime, movie_id, hall_id) values ('X000000019', TO_DATE('25-Feb-20 08:00 PM', 'DD-MON-YYYY HH:MI AM'), TO_DATE('25-Feb-20 10:30 PM', 'DD-MON-YYYY HH:MI AM'), 'M00019', 'H0019');
insert into schedule  (schedule_id, showtime, endtime, movie_id, hall_id) values ('X000000020', TO_DATE('28-Feb-20 11:00 PM', 'DD-MON-YYYY HH:MI AM'), TO_DATE('28-Feb-20 01:30 AM', 'DD-MON-YYYY HH:MI AM'), 'M00020', 'H0020');
insert into schedule  (schedule_id, showtime, endtime, movie_id, hall_id) values ('X000000021', TO_DATE('2-Mar-20 11:00 AM', 'DD-MON-YYYY HH:MI AM'), TO_DATE('2-Mar-20 01:30 PM', 'DD-MON-YYYY HH:MI AM'), 'M00001', 'H0021');
insert into schedule  (schedule_id, showtime, endtime, movie_id, hall_id) values ('X000000022', TO_DATE('5-Mar-20 02:00 PM', 'DD-MON-YYYY HH:MI AM'), TO_DATE('5-Mar-20 04:30 PM', 'DD-MON-YYYY HH:MI AM'), 'M00002', 'H0022');
insert into schedule  (schedule_id, showtime, endtime, movie_id, hall_id) values ('X000000023', TO_DATE('8-Mar-20 05:00 PM', 'DD-MON-YYYY HH:MI AM'), TO_DATE('8-Mar-20 07:30 PM', 'DD-MON-YYYY HH:MI AM'), 'M00003', 'H0023');
insert into schedule  (schedule_id, showtime, endtime, movie_id, hall_id) values ('X000000024', TO_DATE('11-Mar-20 08:00 PM', 'DD-MON-YYYY HH:MI AM'), TO_DATE('11-Mar-20 10:30 PM', 'DD-MON-YYYY HH:MI AM'), 'M00004', 'H0024');
insert into schedule  (schedule_id, showtime, endtime, movie_id, hall_id) values ('X000000025', TO_DATE('14-Mar-20 11:00 PM', 'DD-MON-YYYY HH:MI AM'), TO_DATE('14-Mar-20 01:30 AM', 'DD-MON-YYYY HH:MI AM'), 'M00005', 'H0025');
insert into schedule  (schedule_id, showtime, endtime, movie_id, hall_id) values ('X000000026', TO_DATE('17-Mar-20 11:00 AM', 'DD-MON-YYYY HH:MI AM'), TO_DATE('17-Mar-20 01:30 PM', 'DD-MON-YYYY HH:MI AM'), 'M00006', 'H0026');
insert into schedule  (schedule_id, showtime, endtime, movie_id, hall_id) values ('X000000027', TO_DATE('20-Mar-20 02:00 PM', 'DD-MON-YYYY HH:MI AM'), TO_DATE('20-Mar-20 04:30 PM', 'DD-MON-YYYY HH:MI AM'), 'M00007', 'H0027');
insert into schedule  (schedule_id, showtime, endtime, movie_id, hall_id) values ('X000000028', TO_DATE('23-Mar-20 05:00 PM', 'DD-MON-YYYY HH:MI AM'), TO_DATE('23-Mar-20 07:30 PM', 'DD-MON-YYYY HH:MI AM'), 'M00008', 'H0028');
insert into schedule  (schedule_id, showtime, endtime, movie_id, hall_id) values ('X000000029', TO_DATE('26-Mar-20 08:00 PM', 'DD-MON-YYYY HH:MI AM'), TO_DATE('26-Mar-20 10:30 PM', 'DD-MON-YYYY HH:MI AM'), 'M00009', 'H0029');
insert into schedule  (schedule_id, showtime, endtime, movie_id, hall_id) values ('X000000030', TO_DATE('29-Mar-20 11:00 PM', 'DD-MON-YYYY HH:MI AM'), TO_DATE('29-Mar-20 01:30 AM', 'DD-MON-YYYY HH:MI AM'), 'M00010', 'H0030');
insert into schedule  (schedule_id, showtime, endtime, movie_id, hall_id) values ('X000000031', TO_DATE('1-Apr-20 11:00 AM', 'DD-MON-YYYY HH:MI AM'), TO_DATE('1-Apr-20 01:30 PM', 'DD-MON-YYYY HH:MI AM'), 'M00001', 'H0031');
insert into schedule  (schedule_id, showtime, endtime, movie_id, hall_id) values ('X000000032', TO_DATE('4-Apr-20 02:00 PM', 'DD-MON-YYYY HH:MI AM'), TO_DATE('4-Apr-20 04:30 PM', 'DD-MON-YYYY HH:MI AM'), 'M00002', 'H0032');
insert into schedule  (schedule_id, showtime, endtime, movie_id, hall_id) values ('X000000033', TO_DATE('7-Apr-20 05:00 PM', 'DD-MON-YYYY HH:MI AM'), TO_DATE('7-Apr-20 07:30 PM', 'DD-MON-YYYY HH:MI AM'), 'M00003', 'H0033');
insert into schedule  (schedule_id, showtime, endtime, movie_id, hall_id) values ('X000000034', TO_DATE('10-Apr-20 08:00 PM', 'DD-MON-YYYY HH:MI AM'), TO_DATE('10-Apr-20 10:30 PM', 'DD-MON-YYYY HH:MI AM'), 'M00004', 'H0034');
insert into schedule  (schedule_id, showtime, endtime, movie_id, hall_id) values ('X000000035', TO_DATE('13-Apr-20 11:00 PM', 'DD-MON-YYYY HH:MI AM'), TO_DATE('13-Apr-20 01:30 AM', 'DD-MON-YYYY HH:MI AM'), 'M00005', 'H0035');
insert into schedule  (schedule_id, showtime, endtime, movie_id, hall_id) values ('X000000036', TO_DATE('16-Apr-20 11:00 AM', 'DD-MON-YYYY HH:MI AM'), TO_DATE('16-Apr-20 01:30 PM', 'DD-MON-YYYY HH:MI AM'), 'M00006', 'H0036');
insert into schedule  (schedule_id, showtime, endtime, movie_id, hall_id) values ('X000000037', TO_DATE('19-Apr-20 02:00 PM', 'DD-MON-YYYY HH:MI AM'), TO_DATE('19-Apr-20 04:30 PM', 'DD-MON-YYYY HH:MI AM'), 'M00007', 'H0037');
insert into schedule  (schedule_id, showtime, endtime, movie_id, hall_id) values ('X000000038', TO_DATE('22-Apr-20 05:00 PM', 'DD-MON-YYYY HH:MI AM'), TO_DATE('22-Apr-20 07:30 PM', 'DD-MON-YYYY HH:MI AM'), 'M00008', 'H0038');
insert into schedule  (schedule_id, showtime, endtime, movie_id, hall_id) values ('X000000039', TO_DATE('25-Apr-20 08:00 PM', 'DD-MON-YYYY HH:MI AM'), TO_DATE('25-Apr-20 10:30 PM', 'DD-MON-YYYY HH:MI AM'), 'M00009', 'H0039');
insert into schedule  (schedule_id, showtime, endtime, movie_id, hall_id) values ('X000000040', TO_DATE('28-Apr-20 11:00 PM', 'DD-MON-YYYY HH:MI AM'), TO_DATE('28-Apr-20 01:30 AM', 'DD-MON-YYYY HH:MI AM'), 'M00010', 'H0040');
insert into schedule  (schedule_id, showtime, endtime, movie_id, hall_id) values ('X000000041', TO_DATE('1-May-20 11:00 AM', 'DD-MON-YYYY HH:MI AM'), TO_DATE('1-May-20 01:30 PM', 'DD-MON-YYYY HH:MI AM'), 'M00011', 'H0001');
insert into schedule  (schedule_id, showtime, endtime, movie_id, hall_id) values ('X000000042', TO_DATE('4-May-20 02:00 PM', 'DD-MON-YYYY HH:MI AM'), TO_DATE('4-May-20 04:30 PM', 'DD-MON-YYYY HH:MI AM'), 'M00012', 'H0002');
insert into schedule  (schedule_id, showtime, endtime, movie_id, hall_id) values ('X000000043', TO_DATE('7-May-20 05:00 PM', 'DD-MON-YYYY HH:MI AM'), TO_DATE('7-May-20 07:30 PM', 'DD-MON-YYYY HH:MI AM'), 'M00013', 'H0003');
insert into schedule  (schedule_id, showtime, endtime, movie_id, hall_id) values ('X000000044', TO_DATE('10-May-20 08:00 PM', 'DD-MON-YYYY HH:MI AM'), TO_DATE('10-May-20 10:30 PM', 'DD-MON-YYYY HH:MI AM'), 'M00014', 'H0004');
insert into schedule  (schedule_id, showtime, endtime, movie_id, hall_id) values ('X000000045', TO_DATE('13-May-20 11:00 PM', 'DD-MON-YYYY HH:MI AM'), TO_DATE('13-May-20 01:30 AM', 'DD-MON-YYYY HH:MI AM'), 'M00015', 'H0005');
insert into schedule  (schedule_id, showtime, endtime, movie_id, hall_id) values ('X000000046', TO_DATE('16-May-20 11:00 AM', 'DD-MON-YYYY HH:MI AM'), TO_DATE('16-May-20 01:30 PM', 'DD-MON-YYYY HH:MI AM'), 'M00016', 'H0006');
insert into schedule  (schedule_id, showtime, endtime, movie_id, hall_id) values ('X000000047', TO_DATE('19-May-20 02:00 PM', 'DD-MON-YYYY HH:MI AM'), TO_DATE('19-May-20 04:30 PM', 'DD-MON-YYYY HH:MI AM'), 'M00017', 'H0007');
insert into schedule  (schedule_id, showtime, endtime, movie_id, hall_id) values ('X000000048', TO_DATE('22-May-20 05:00 PM', 'DD-MON-YYYY HH:MI AM'), TO_DATE('22-May-20 07:30 PM', 'DD-MON-YYYY HH:MI AM'), 'M00018', 'H0008');
insert into schedule  (schedule_id, showtime, endtime, movie_id, hall_id) values ('X000000049', TO_DATE('25-May-20 08:00 PM', 'DD-MON-YYYY HH:MI AM'), TO_DATE('25-May-20 10:30 PM', 'DD-MON-YYYY HH:MI AM'), 'M00019', 'H0009');
insert into schedule  (schedule_id, showtime, endtime, movie_id, hall_id) values ('X000000050', TO_DATE('28-May-20 11:00 PM', 'DD-MON-YYYY HH:MI AM'), TO_DATE('28-May-20 01:30 AM', 'DD-MON-YYYY HH:MI AM'), 'M00020', 'H0010');
insert into schedule  (schedule_id, showtime, endtime, movie_id, hall_id) values ('X000000051', TO_DATE('31-May-20 11:00 AM', 'DD-MON-YYYY HH:MI AM'), TO_DATE('31-May-20 01:30 PM', 'DD-MON-YYYY HH:MI AM'), 'M00001', 'H0011');
insert into schedule  (schedule_id, showtime, endtime, movie_id, hall_id) values ('X000000052', TO_DATE('3-Jun-20 02:00 PM', 'DD-MON-YYYY HH:MI AM'), TO_DATE('3-Jun-20 04:30 PM', 'DD-MON-YYYY HH:MI AM'), 'M00002', 'H0012');
insert into schedule  (schedule_id, showtime, endtime, movie_id, hall_id) values ('X000000053', TO_DATE('6-Jun-20 05:00 PM', 'DD-MON-YYYY HH:MI AM'), TO_DATE('6-Jun-20 07:30 PM', 'DD-MON-YYYY HH:MI AM'), 'M00003', 'H0013');
insert into schedule  (schedule_id, showtime, endtime, movie_id, hall_id) values ('X000000054', TO_DATE('9-Jun-20 08:00 PM', 'DD-MON-YYYY HH:MI AM'), TO_DATE('9-Jun-20 10:30 PM', 'DD-MON-YYYY HH:MI AM'), 'M00004', 'H0014');
insert into schedule  (schedule_id, showtime, endtime, movie_id, hall_id) values ('X000000055', TO_DATE('12-Jun-20 11:00 PM', 'DD-MON-YYYY HH:MI AM'), TO_DATE('12-Jun-20 01:30 AM', 'DD-MON-YYYY HH:MI AM'), 'M00005', 'H0015');
insert into schedule  (schedule_id, showtime, endtime, movie_id, hall_id) values ('X000000056', TO_DATE('15-Jun-20 11:00 AM', 'DD-MON-YYYY HH:MI AM'), TO_DATE('15-Jun-20 01:30 PM', 'DD-MON-YYYY HH:MI AM'), 'M00006', 'H0016');
insert into schedule  (schedule_id, showtime, endtime, movie_id, hall_id) values ('X000000057', TO_DATE('18-Jun-20 02:00 PM', 'DD-MON-YYYY HH:MI AM'), TO_DATE('18-Jun-20 04:30 PM', 'DD-MON-YYYY HH:MI AM'), 'M00007', 'H0017');
insert into schedule  (schedule_id, showtime, endtime, movie_id, hall_id) values ('X000000058', TO_DATE('21-Jun-20 05:00 PM', 'DD-MON-YYYY HH:MI AM'), TO_DATE('21-Jun-20 07:30 PM', 'DD-MON-YYYY HH:MI AM'), 'M00008', 'H0018');
insert into schedule  (schedule_id, showtime, endtime, movie_id, hall_id) values ('X000000059', TO_DATE('24-Jun-20 08:00 PM', 'DD-MON-YYYY HH:MI AM'), TO_DATE('24-Jun-20 10:30 PM', 'DD-MON-YYYY HH:MI AM'), 'M00009', 'H0019');
insert into schedule  (schedule_id, showtime, endtime, movie_id, hall_id) values ('X000000060', TO_DATE('27-Jun-20 11:00 PM', 'DD-MON-YYYY HH:MI AM'), TO_DATE('27-Jun-20 01:30 AM', 'DD-MON-YYYY HH:MI AM'), 'M00010', 'H0020');
insert into schedule  (schedule_id, showtime, endtime, movie_id, hall_id) values ('X000000061', TO_DATE('30-Jun-20 11:00 AM', 'DD-MON-YYYY HH:MI AM'), TO_DATE('30-Jun-20 01:30 PM', 'DD-MON-YYYY HH:MI AM'), 'M00011', 'H0021');
insert into schedule  (schedule_id, showtime, endtime, movie_id, hall_id) values ('X000000062', TO_DATE('3-Jul-20 02:00 PM', 'DD-MON-YYYY HH:MI AM'), TO_DATE('3-Jul-20 04:30 PM', 'DD-MON-YYYY HH:MI AM'), 'M00012', 'H0022');
insert into schedule  (schedule_id, showtime, endtime, movie_id, hall_id) values ('X000000063', TO_DATE('6-Jul-20 05:00 PM', 'DD-MON-YYYY HH:MI AM'), TO_DATE('6-Jul-20 07:30 PM', 'DD-MON-YYYY HH:MI AM'), 'M00013', 'H0023');
insert into schedule  (schedule_id, showtime, endtime, movie_id, hall_id) values ('X000000064', TO_DATE('9-Jul-20 08:00 PM', 'DD-MON-YYYY HH:MI AM'), TO_DATE('9-Jul-20 10:30 PM', 'DD-MON-YYYY HH:MI AM'), 'M00014', 'H0024');
insert into schedule  (schedule_id, showtime, endtime, movie_id, hall_id) values ('X000000065', TO_DATE('12-Jul-20 11:00 PM', 'DD-MON-YYYY HH:MI AM'), TO_DATE('12-Jul-20 01:30 AM', 'DD-MON-YYYY HH:MI AM'), 'M00015', 'H0025');
insert into schedule  (schedule_id, showtime, endtime, movie_id, hall_id) values ('X000000066', TO_DATE('15-Jul-20 11:00 AM', 'DD-MON-YYYY HH:MI AM'), TO_DATE('15-Jul-20 01:30 PM', 'DD-MON-YYYY HH:MI AM'), 'M00016', 'H0026');
insert into schedule  (schedule_id, showtime, endtime, movie_id, hall_id) values ('X000000067', TO_DATE('18-Jul-20 02:00 PM', 'DD-MON-YYYY HH:MI AM'), TO_DATE('18-Jul-20 04:30 PM', 'DD-MON-YYYY HH:MI AM'), 'M00017', 'H0027');
insert into schedule  (schedule_id, showtime, endtime, movie_id, hall_id) values ('X000000068', TO_DATE('21-Jul-20 05:00 PM', 'DD-MON-YYYY HH:MI AM'), TO_DATE('21-Jul-20 07:30 PM', 'DD-MON-YYYY HH:MI AM'), 'M00018', 'H0028');
insert into schedule  (schedule_id, showtime, endtime, movie_id, hall_id) values ('X000000069', TO_DATE('24-Jul-20 08:00 PM', 'DD-MON-YYYY HH:MI AM'), TO_DATE('24-Jul-20 10:30 PM', 'DD-MON-YYYY HH:MI AM'), 'M00019', 'H0029');
insert into schedule  (schedule_id, showtime, endtime, movie_id, hall_id) values ('X000000070', TO_DATE('27-Jul-20 11:00 PM', 'DD-MON-YYYY HH:MI AM'), TO_DATE('27-Jul-20 01:30 AM', 'DD-MON-YYYY HH:MI AM'), 'M00020', 'H0030');
insert into schedule  (schedule_id, showtime, endtime, movie_id, hall_id) values ('X000000071', TO_DATE('30-Jul-20 11:00 AM', 'DD-MON-YYYY HH:MI AM'), TO_DATE('30-Jul-20 01:30 PM', 'DD-MON-YYYY HH:MI AM'), 'M00001', 'H0031');
insert into schedule  (schedule_id, showtime, endtime, movie_id, hall_id) values ('X000000072', TO_DATE('2-Aug-20 02:00 PM', 'DD-MON-YYYY HH:MI AM'), TO_DATE('2-Aug-20 04:30 PM', 'DD-MON-YYYY HH:MI AM'), 'M00002', 'H0032');
insert into schedule  (schedule_id, showtime, endtime, movie_id, hall_id) values ('X000000073', TO_DATE('5-Aug-20 05:00 PM', 'DD-MON-YYYY HH:MI AM'), TO_DATE('5-Aug-20 07:30 PM', 'DD-MON-YYYY HH:MI AM'), 'M00003', 'H0033');
insert into schedule  (schedule_id, showtime, endtime, movie_id, hall_id) values ('X000000074', TO_DATE('8-Aug-20 08:00 PM', 'DD-MON-YYYY HH:MI AM'), TO_DATE('8-Aug-20 10:30 PM', 'DD-MON-YYYY HH:MI AM'), 'M00004', 'H0034');
insert into schedule  (schedule_id, showtime, endtime, movie_id, hall_id) values ('X000000075', TO_DATE('11-Aug-20 11:00 PM', 'DD-MON-YYYY HH:MI AM'), TO_DATE('11-Aug-20 01:30 AM', 'DD-MON-YYYY HH:MI AM'), 'M00005', 'H0035');
insert into schedule  (schedule_id, showtime, endtime, movie_id, hall_id) values ('X000000076', TO_DATE('14-Aug-20 11:00 AM', 'DD-MON-YYYY HH:MI AM'), TO_DATE('14-Aug-20 01:30 PM', 'DD-MON-YYYY HH:MI AM'), 'M00006', 'H0036');
insert into schedule  (schedule_id, showtime, endtime, movie_id, hall_id) values ('X000000077', TO_DATE('17-Aug-20 02:00 PM', 'DD-MON-YYYY HH:MI AM'), TO_DATE('17-Aug-20 04:30 PM', 'DD-MON-YYYY HH:MI AM'), 'M00007', 'H0037');
insert into schedule  (schedule_id, showtime, endtime, movie_id, hall_id) values ('X000000078', TO_DATE('20-Aug-20 05:00 PM', 'DD-MON-YYYY HH:MI AM'), TO_DATE('20-Aug-20 07:30 PM', 'DD-MON-YYYY HH:MI AM'), 'M00008', 'H0038');
insert into schedule  (schedule_id, showtime, endtime, movie_id, hall_id) values ('X000000079', TO_DATE('23-Aug-20 08:00 PM', 'DD-MON-YYYY HH:MI AM'), TO_DATE('23-Aug-20 10:30 PM', 'DD-MON-YYYY HH:MI AM'), 'M00009', 'H0039');
insert into schedule  (schedule_id, showtime, endtime, movie_id, hall_id) values ('X000000080', TO_DATE('26-Aug-20 11:00 PM', 'DD-MON-YYYY HH:MI AM'), TO_DATE('26-Aug-20 01:30 AM', 'DD-MON-YYYY HH:MI AM'), 'M00010', 'H0040');
insert into schedule  (schedule_id, showtime, endtime, movie_id, hall_id) values ('X000000081', TO_DATE('29-Aug-20 11:00 AM', 'DD-MON-YYYY HH:MI AM'), TO_DATE('29-Aug-20 01:30 PM', 'DD-MON-YYYY HH:MI AM'), 'M00011', 'H0001');
insert into schedule  (schedule_id, showtime, endtime, movie_id, hall_id) values ('X000000082', TO_DATE('1-Sep-20 02:00 PM', 'DD-MON-YYYY HH:MI AM'), TO_DATE('1-Sep-20 04:30 PM', 'DD-MON-YYYY HH:MI AM'), 'M00012', 'H0002');
insert into schedule  (schedule_id, showtime, endtime, movie_id, hall_id) values ('X000000083', TO_DATE('4-Sep-20 05:00 PM', 'DD-MON-YYYY HH:MI AM'), TO_DATE('4-Sep-20 07:30 PM', 'DD-MON-YYYY HH:MI AM'), 'M00013', 'H0003');
insert into schedule  (schedule_id, showtime, endtime, movie_id, hall_id) values ('X000000084', TO_DATE('7-Sep-20 08:00 PM', 'DD-MON-YYYY HH:MI AM'), TO_DATE('7-Sep-20 10:30 PM', 'DD-MON-YYYY HH:MI AM'), 'M00014', 'H0004');
insert into schedule  (schedule_id, showtime, endtime, movie_id, hall_id) values ('X000000085', TO_DATE('10-Sep-20 11:00 PM', 'DD-MON-YYYY HH:MI AM'), TO_DATE('10-Sep-20 01:30 AM', 'DD-MON-YYYY HH:MI AM'), 'M00015', 'H0005');
insert into schedule  (schedule_id, showtime, endtime, movie_id, hall_id) values ('X000000086', TO_DATE('13-Sep-20 11:00 AM', 'DD-MON-YYYY HH:MI AM'), TO_DATE('13-Sep-20 01:30 PM', 'DD-MON-YYYY HH:MI AM'), 'M00016', 'H0006');
insert into schedule  (schedule_id, showtime, endtime, movie_id, hall_id) values ('X000000087', TO_DATE('16-Sep-20 02:00 PM', 'DD-MON-YYYY HH:MI AM'), TO_DATE('16-Sep-20 04:30 PM', 'DD-MON-YYYY HH:MI AM'), 'M00017', 'H0007');
insert into schedule  (schedule_id, showtime, endtime, movie_id, hall_id) values ('X000000088', TO_DATE('19-Sep-20 05:00 PM', 'DD-MON-YYYY HH:MI AM'), TO_DATE('19-Sep-20 07:30 PM', 'DD-MON-YYYY HH:MI AM'), 'M00018', 'H0008');
insert into schedule  (schedule_id, showtime, endtime, movie_id, hall_id) values ('X000000089', TO_DATE('22-Sep-20 08:00 PM', 'DD-MON-YYYY HH:MI AM'), TO_DATE('22-Sep-20 10:30 PM', 'DD-MON-YYYY HH:MI AM'), 'M00019', 'H0009');
insert into schedule  (schedule_id, showtime, endtime, movie_id, hall_id) values ('X000000090', TO_DATE('25-Sep-20 11:00 PM', 'DD-MON-YYYY HH:MI AM'), TO_DATE('25-Sep-20 01:30 AM', 'DD-MON-YYYY HH:MI AM'), 'M00020', 'H0010');
insert into schedule  (schedule_id, showtime, endtime, movie_id, hall_id) values ('X000000091', TO_DATE('28-Sep-20 11:00 AM', 'DD-MON-YYYY HH:MI AM'), TO_DATE('28-Sep-20 01:30 PM', 'DD-MON-YYYY HH:MI AM'), 'M00001', 'H0011');
insert into schedule  (schedule_id, showtime, endtime, movie_id, hall_id) values ('X000000092', TO_DATE('1-Oct-20 02:00 PM', 'DD-MON-YYYY HH:MI AM'), TO_DATE('1-Oct-20 04:30 PM', 'DD-MON-YYYY HH:MI AM'), 'M00002', 'H0012');
insert into schedule  (schedule_id, showtime, endtime, movie_id, hall_id) values ('X000000093', TO_DATE('4-Oct-20 05:00 PM', 'DD-MON-YYYY HH:MI AM'), TO_DATE('4-Oct-20 07:30 PM', 'DD-MON-YYYY HH:MI AM'), 'M00003', 'H0013');
insert into schedule  (schedule_id, showtime, endtime, movie_id, hall_id) values ('X000000094', TO_DATE('7-Oct-20 08:00 PM', 'DD-MON-YYYY HH:MI AM'), TO_DATE('7-Oct-20 10:30 PM', 'DD-MON-YYYY HH:MI AM'), 'M00004', 'H0014');
insert into schedule  (schedule_id, showtime, endtime, movie_id, hall_id) values ('X000000095', TO_DATE('10-Oct-20 11:00 PM', 'DD-MON-YYYY HH:MI AM'), TO_DATE('10-Oct-20 01:30 AM', 'DD-MON-YYYY HH:MI AM'), 'M00005', 'H0015');
insert into schedule  (schedule_id, showtime, endtime, movie_id, hall_id) values ('X000000096', TO_DATE('13-Oct-20 11:00 AM', 'DD-MON-YYYY HH:MI AM'), TO_DATE('13-Oct-20 01:30 PM', 'DD-MON-YYYY HH:MI AM'), 'M00006', 'H0016');
insert into schedule  (schedule_id, showtime, endtime, movie_id, hall_id) values ('X000000097', TO_DATE('16-Oct-20 02:00 PM', 'DD-MON-YYYY HH:MI AM'), TO_DATE('16-Oct-20 04:30 PM', 'DD-MON-YYYY HH:MI AM'), 'M00007', 'H0017');
insert into schedule  (schedule_id, showtime, endtime, movie_id, hall_id) values ('X000000098', TO_DATE('19-Oct-20 05:00 PM', 'DD-MON-YYYY HH:MI AM'), TO_DATE('19-Oct-20 07:30 PM', 'DD-MON-YYYY HH:MI AM'), 'M00008', 'H0018');
insert into schedule  (schedule_id, showtime, endtime, movie_id, hall_id) values ('X000000099', TO_DATE('22-Oct-20 08:00 PM', 'DD-MON-YYYY HH:MI AM'), TO_DATE('22-Oct-20 10:30 PM', 'DD-MON-YYYY HH:MI AM'), 'M00009', 'H0019');
insert into schedule  (schedule_id, showtime, endtime, movie_id, hall_id) values ('X000000100', TO_DATE('25-Oct-20 11:00 PM', 'DD-MON-YYYY HH:MI AM'), TO_DATE('25-Oct-20 01:30 AM', 'DD-MON-YYYY HH:MI AM'), 'M00010', 'H0020');
insert into schedule  (schedule_id, showtime, endtime, movie_id, hall_id) values ('X000000101', TO_DATE('28-Oct-20 11:00 AM', 'DD-MON-YYYY HH:MI AM'), TO_DATE('28-Oct-20 01:30 PM', 'DD-MON-YYYY HH:MI AM'), 'M00011', 'H0021');
insert into schedule  (schedule_id, showtime, endtime, movie_id, hall_id) values ('X000000102', TO_DATE('31-Oct-20 02:00 PM', 'DD-MON-YYYY HH:MI AM'), TO_DATE('31-Oct-20 04:30 PM', 'DD-MON-YYYY HH:MI AM'), 'M00012', 'H0022');
insert into schedule  (schedule_id, showtime, endtime, movie_id, hall_id) values ('X000000103', TO_DATE('3-Nov-20 05:00 PM', 'DD-MON-YYYY HH:MI AM'), TO_DATE('3-Nov-20 07:30 PM', 'DD-MON-YYYY HH:MI AM'), 'M00013', 'H0023');
insert into schedule  (schedule_id, showtime, endtime, movie_id, hall_id) values ('X000000104', TO_DATE('6-Nov-20 08:00 PM', 'DD-MON-YYYY HH:MI AM'), TO_DATE('6-Nov-20 10:30 PM', 'DD-MON-YYYY HH:MI AM'), 'M00014', 'H0024');
insert into schedule  (schedule_id, showtime, endtime, movie_id, hall_id) values ('X000000105', TO_DATE('9-Nov-20 11:00 PM', 'DD-MON-YYYY HH:MI AM'), TO_DATE('9-Nov-20 01:30 AM', 'DD-MON-YYYY HH:MI AM'), 'M00015', 'H0025');
insert into schedule  (schedule_id, showtime, endtime, movie_id, hall_id) values ('X000000106', TO_DATE('12-Nov-20 11:00 AM', 'DD-MON-YYYY HH:MI AM'), TO_DATE('12-Nov-20 01:30 PM', 'DD-MON-YYYY HH:MI AM'), 'M00016', 'H0026');
insert into schedule  (schedule_id, showtime, endtime, movie_id, hall_id) values ('X000000107', TO_DATE('15-Nov-20 02:00 PM', 'DD-MON-YYYY HH:MI AM'), TO_DATE('15-Nov-20 04:30 PM', 'DD-MON-YYYY HH:MI AM'), 'M00017', 'H0027');
insert into schedule  (schedule_id, showtime, endtime, movie_id, hall_id) values ('X000000108', TO_DATE('18-Nov-20 05:00 PM', 'DD-MON-YYYY HH:MI AM'), TO_DATE('18-Nov-20 07:30 PM', 'DD-MON-YYYY HH:MI AM'), 'M00018', 'H0028');
insert into schedule  (schedule_id, showtime, endtime, movie_id, hall_id) values ('X000000109', TO_DATE('21-Nov-20 08:00 PM', 'DD-MON-YYYY HH:MI AM'), TO_DATE('21-Nov-20 10:30 PM', 'DD-MON-YYYY HH:MI AM'), 'M00019', 'H0029');
insert into schedule  (schedule_id, showtime, endtime, movie_id, hall_id) values ('X000000110', TO_DATE('24-Nov-20 11:00 PM', 'DD-MON-YYYY HH:MI AM'), TO_DATE('24-Nov-20 01:30 AM', 'DD-MON-YYYY HH:MI AM'), 'M00020', 'H0030');
insert into schedule  (schedule_id, showtime, endtime, movie_id, hall_id) values ('X000000111', TO_DATE('27-Nov-20 11:00 AM', 'DD-MON-YYYY HH:MI AM'), TO_DATE('27-Nov-20 01:30 PM', 'DD-MON-YYYY HH:MI AM'), 'M00001', 'H0031');
insert into schedule  (schedule_id, showtime, endtime, movie_id, hall_id) values ('X000000112', TO_DATE('30-Nov-20 02:00 PM', 'DD-MON-YYYY HH:MI AM'), TO_DATE('30-Nov-20 04:30 PM', 'DD-MON-YYYY HH:MI AM'), 'M00002', 'H0032');
insert into schedule  (schedule_id, showtime, endtime, movie_id, hall_id) values ('X000000113', TO_DATE('3-Dec-20 05:00 PM', 'DD-MON-YYYY HH:MI AM'), TO_DATE('3-Dec-20 07:30 PM', 'DD-MON-YYYY HH:MI AM'), 'M00003', 'H0033');
insert into schedule  (schedule_id, showtime, endtime, movie_id, hall_id) values ('X000000114', TO_DATE('6-Dec-20 08:00 PM', 'DD-MON-YYYY HH:MI AM'), TO_DATE('6-Dec-20 10:30 PM', 'DD-MON-YYYY HH:MI AM'), 'M00004', 'H0034');
insert into schedule  (schedule_id, showtime, endtime, movie_id, hall_id) values ('X000000115', TO_DATE('9-Dec-20 11:00 PM', 'DD-MON-YYYY HH:MI AM'), TO_DATE('9-Dec-20 01:30 AM', 'DD-MON-YYYY HH:MI AM'), 'M00005', 'H0035');
insert into schedule  (schedule_id, showtime, endtime, movie_id, hall_id) values ('X000000116', TO_DATE('12-Dec-20 11:00 AM', 'DD-MON-YYYY HH:MI AM'), TO_DATE('12-Dec-20 01:30 PM', 'DD-MON-YYYY HH:MI AM'), 'M00006', 'H0036');
insert into schedule  (schedule_id, showtime, endtime, movie_id, hall_id) values ('X000000117', TO_DATE('15-Dec-20 02:00 PM', 'DD-MON-YYYY HH:MI AM'), TO_DATE('15-Dec-20 04:30 PM', 'DD-MON-YYYY HH:MI AM'), 'M00007', 'H0037');
insert into schedule  (schedule_id, showtime, endtime, movie_id, hall_id) values ('X000000118', TO_DATE('18-Dec-20 05:00 PM', 'DD-MON-YYYY HH:MI AM'), TO_DATE('18-Dec-20 07:30 PM', 'DD-MON-YYYY HH:MI AM'), 'M00008', 'H0038');
insert into schedule  (schedule_id, showtime, endtime, movie_id, hall_id) values ('X000000119', TO_DATE('21-Dec-20 08:00 PM', 'DD-MON-YYYY HH:MI AM'), TO_DATE('21-Dec-20 10:30 PM', 'DD-MON-YYYY HH:MI AM'), 'M00009', 'H0039');
insert into schedule  (schedule_id, showtime, endtime, movie_id, hall_id) values ('X000000120', TO_DATE('24-Dec-20 11:00 PM', 'DD-MON-YYYY HH:MI AM'), TO_DATE('24-Dec-20 01:30 AM', 'DD-MON-YYYY HH:MI AM'), 'M00010', 'H0040');
insert into schedule  (schedule_id, showtime, endtime, movie_id, hall_id) values ('X000000121', TO_DATE('27-Dec-20 11:00 AM', 'DD-MON-YYYY HH:MI AM'), TO_DATE('27-Dec-20 01:30 PM', 'DD-MON-YYYY HH:MI AM'), 'M00011', 'H0001');
insert into schedule  (schedule_id, showtime, endtime, movie_id, hall_id) values ('X000000122', TO_DATE('30-Dec-20 02:00 PM', 'DD-MON-YYYY HH:MI AM'), TO_DATE('30-Dec-20 04:30 PM', 'DD-MON-YYYY HH:MI AM'), 'M00012', 'H0002');
insert into schedule  (schedule_id, showtime, endtime, movie_id, hall_id) values ('X000000123', TO_DATE('2-Jan-21 05:00 PM', 'DD-MON-YYYY HH:MI AM'), TO_DATE('2-Jan-21 07:30 PM', 'DD-MON-YYYY HH:MI AM'), 'M00013', 'H0003');
insert into schedule  (schedule_id, showtime, endtime, movie_id, hall_id) values ('X000000124', TO_DATE('5-Jan-21 08:00 PM', 'DD-MON-YYYY HH:MI AM'), TO_DATE('5-Jan-21 10:30 PM', 'DD-MON-YYYY HH:MI AM'), 'M00014', 'H0004');
insert into schedule  (schedule_id, showtime, endtime, movie_id, hall_id) values ('X000000125', TO_DATE('8-Jan-21 11:00 PM', 'DD-MON-YYYY HH:MI AM'), TO_DATE('8-Jan-21 01:30 AM', 'DD-MON-YYYY HH:MI AM'), 'M00015', 'H0005');
insert into schedule  (schedule_id, showtime, endtime, movie_id, hall_id) values ('X000000126', TO_DATE('11-Jan-21 11:00 AM', 'DD-MON-YYYY HH:MI AM'), TO_DATE('11-Jan-21 01:30 PM', 'DD-MON-YYYY HH:MI AM'), 'M00016', 'H0006');
insert into schedule  (schedule_id, showtime, endtime, movie_id, hall_id) values ('X000000127', TO_DATE('14-Jan-21 02:00 PM', 'DD-MON-YYYY HH:MI AM'), TO_DATE('14-Jan-21 04:30 PM', 'DD-MON-YYYY HH:MI AM'), 'M00017', 'H0007');
insert into schedule  (schedule_id, showtime, endtime, movie_id, hall_id) values ('X000000128', TO_DATE('17-Jan-21 05:00 PM', 'DD-MON-YYYY HH:MI AM'), TO_DATE('17-Jan-21 07:30 PM', 'DD-MON-YYYY HH:MI AM'), 'M00018', 'H0008');
insert into schedule  (schedule_id, showtime, endtime, movie_id, hall_id) values ('X000000129', TO_DATE('20-Jan-21 08:00 PM', 'DD-MON-YYYY HH:MI AM'), TO_DATE('20-Jan-21 10:30 PM', 'DD-MON-YYYY HH:MI AM'), 'M00019', 'H0009');
insert into schedule  (schedule_id, showtime, endtime, movie_id, hall_id) values ('X000000130', TO_DATE('23-Jan-21 11:00 PM', 'DD-MON-YYYY HH:MI AM'), TO_DATE('23-Jan-21 01:30 AM', 'DD-MON-YYYY HH:MI AM'), 'M00020', 'H0010');
insert into schedule  (schedule_id, showtime, endtime, movie_id, hall_id) values ('X000000131', TO_DATE('26-Jan-21 11:00 AM', 'DD-MON-YYYY HH:MI AM'), TO_DATE('26-Jan-21 01:30 PM', 'DD-MON-YYYY HH:MI AM'), 'M00001', 'H0011');
insert into schedule  (schedule_id, showtime, endtime, movie_id, hall_id) values ('X000000132', TO_DATE('29-Jan-21 02:00 PM', 'DD-MON-YYYY HH:MI AM'), TO_DATE('29-Jan-21 04:30 PM', 'DD-MON-YYYY HH:MI AM'), 'M00002', 'H0012');
insert into schedule  (schedule_id, showtime, endtime, movie_id, hall_id) values ('X000000133', TO_DATE('1-Feb-21 05:00 PM', 'DD-MON-YYYY HH:MI AM'), TO_DATE('1-Feb-21 07:30 PM', 'DD-MON-YYYY HH:MI AM'), 'M00003', 'H0013');
insert into schedule  (schedule_id, showtime, endtime, movie_id, hall_id) values ('X000000134', TO_DATE('4-Feb-21 08:00 PM', 'DD-MON-YYYY HH:MI AM'), TO_DATE('4-Feb-21 10:30 PM', 'DD-MON-YYYY HH:MI AM'), 'M00004', 'H0014');
insert into schedule  (schedule_id, showtime, endtime, movie_id, hall_id) values ('X000000135', TO_DATE('7-Feb-21 11:00 PM', 'DD-MON-YYYY HH:MI AM'), TO_DATE('7-Feb-21 01:30 AM', 'DD-MON-YYYY HH:MI AM'), 'M00005', 'H0015');
insert into schedule  (schedule_id, showtime, endtime, movie_id, hall_id) values ('X000000136', TO_DATE('10-Feb-21 11:00 AM', 'DD-MON-YYYY HH:MI AM'), TO_DATE('10-Feb-21 01:30 PM', 'DD-MON-YYYY HH:MI AM'), 'M00006', 'H0016');
insert into schedule  (schedule_id, showtime, endtime, movie_id, hall_id) values ('X000000137', TO_DATE('13-Feb-21 02:00 PM', 'DD-MON-YYYY HH:MI AM'), TO_DATE('13-Feb-21 04:30 PM', 'DD-MON-YYYY HH:MI AM'), 'M00007', 'H0017');
insert into schedule  (schedule_id, showtime, endtime, movie_id, hall_id) values ('X000000138', TO_DATE('16-Feb-21 05:00 PM', 'DD-MON-YYYY HH:MI AM'), TO_DATE('16-Feb-21 07:30 PM', 'DD-MON-YYYY HH:MI AM'), 'M00008', 'H0018');
insert into schedule  (schedule_id, showtime, endtime, movie_id, hall_id) values ('X000000139', TO_DATE('19-Feb-21 08:00 PM', 'DD-MON-YYYY HH:MI AM'), TO_DATE('19-Feb-21 10:30 PM', 'DD-MON-YYYY HH:MI AM'), 'M00009', 'H0019');
insert into schedule  (schedule_id, showtime, endtime, movie_id, hall_id) values ('X000000140', TO_DATE('22-Feb-21 11:00 PM', 'DD-MON-YYYY HH:MI AM'), TO_DATE('22-Feb-21 01:30 AM', 'DD-MON-YYYY HH:MI AM'), 'M00010', 'H0020');
insert into schedule  (schedule_id, showtime, endtime, movie_id, hall_id) values ('X000000141', TO_DATE('25-Feb-21 11:00 AM', 'DD-MON-YYYY HH:MI AM'), TO_DATE('25-Feb-21 01:30 PM', 'DD-MON-YYYY HH:MI AM'), 'M00011', 'H0021');
insert into schedule  (schedule_id, showtime, endtime, movie_id, hall_id) values ('X000000142', TO_DATE('28-Feb-21 02:00 PM', 'DD-MON-YYYY HH:MI AM'), TO_DATE('28-Feb-21 04:30 PM', 'DD-MON-YYYY HH:MI AM'), 'M00012', 'H0022');
insert into schedule  (schedule_id, showtime, endtime, movie_id, hall_id) values ('X000000143', TO_DATE('3-Mar-21 05:00 PM', 'DD-MON-YYYY HH:MI AM'), TO_DATE('3-Mar-21 07:30 PM', 'DD-MON-YYYY HH:MI AM'), 'M00013', 'H0023');
insert into schedule  (schedule_id, showtime, endtime, movie_id, hall_id) values ('X000000144', TO_DATE('6-Mar-21 08:00 PM', 'DD-MON-YYYY HH:MI AM'), TO_DATE('6-Mar-21 10:30 PM', 'DD-MON-YYYY HH:MI AM'), 'M00014', 'H0024');
insert into schedule  (schedule_id, showtime, endtime, movie_id, hall_id) values ('X000000145', TO_DATE('9-Mar-21 11:00 PM', 'DD-MON-YYYY HH:MI AM'), TO_DATE('9-Mar-21 01:30 AM', 'DD-MON-YYYY HH:MI AM'), 'M00015', 'H0025');
insert into schedule  (schedule_id, showtime, endtime, movie_id, hall_id) values ('X000000146', TO_DATE('12-Mar-21 11:00 AM', 'DD-MON-YYYY HH:MI AM'), TO_DATE('12-Mar-21 01:30 PM', 'DD-MON-YYYY HH:MI AM'), 'M00016', 'H0026');
insert into schedule  (schedule_id, showtime, endtime, movie_id, hall_id) values ('X000000147', TO_DATE('15-Mar-21 02:00 PM', 'DD-MON-YYYY HH:MI AM'), TO_DATE('15-Mar-21 04:30 PM', 'DD-MON-YYYY HH:MI AM'), 'M00017', 'H0027');
insert into schedule  (schedule_id, showtime, endtime, movie_id, hall_id) values ('X000000148', TO_DATE('18-Mar-21 05:00 PM', 'DD-MON-YYYY HH:MI AM'), TO_DATE('18-Mar-21 07:30 PM', 'DD-MON-YYYY HH:MI AM'), 'M00018', 'H0028');
insert into schedule  (schedule_id, showtime, endtime, movie_id, hall_id) values ('X000000149', TO_DATE('21-Mar-21 08:00 PM', 'DD-MON-YYYY HH:MI AM'), TO_DATE('21-Mar-21 10:30 PM', 'DD-MON-YYYY HH:MI AM'), 'M00019', 'H0029');
insert into schedule  (schedule_id, showtime, endtime, movie_id, hall_id) values ('X000000150', TO_DATE('24-Mar-21 11:00 PM', 'DD-MON-YYYY HH:MI AM'), TO_DATE('24-Mar-21 01:30 AM', 'DD-MON-YYYY HH:MI AM'), 'M00020', 'H0030');
insert into schedule  (schedule_id, showtime, endtime, movie_id, hall_id) values ('X000000151', TO_DATE('27-Mar-21 11:00 AM', 'DD-MON-YYYY HH:MI AM'), TO_DATE('27-Mar-21 01:30 PM', 'DD-MON-YYYY HH:MI AM'), 'M00001', 'H0031');
insert into schedule  (schedule_id, showtime, endtime, movie_id, hall_id) values ('X000000152', TO_DATE('30-Mar-21 02:00 PM', 'DD-MON-YYYY HH:MI AM'), TO_DATE('30-Mar-21 04:30 PM', 'DD-MON-YYYY HH:MI AM'), 'M00002', 'H0032');
insert into schedule  (schedule_id, showtime, endtime, movie_id, hall_id) values ('X000000153', TO_DATE('2-Apr-21 05:00 PM', 'DD-MON-YYYY HH:MI AM'), TO_DATE('2-Apr-21 07:30 PM', 'DD-MON-YYYY HH:MI AM'), 'M00003', 'H0033');
insert into schedule  (schedule_id, showtime, endtime, movie_id, hall_id) values ('X000000154', TO_DATE('5-Apr-21 08:00 PM', 'DD-MON-YYYY HH:MI AM'), TO_DATE('5-Apr-21 10:30 PM', 'DD-MON-YYYY HH:MI AM'), 'M00004', 'H0034');
insert into schedule  (schedule_id, showtime, endtime, movie_id, hall_id) values ('X000000155', TO_DATE('8-Apr-21 11:00 PM', 'DD-MON-YYYY HH:MI AM'), TO_DATE('8-Apr-21 01:30 AM', 'DD-MON-YYYY HH:MI AM'), 'M00005', 'H0035');
insert into schedule  (schedule_id, showtime, endtime, movie_id, hall_id) values ('X000000156', TO_DATE('11-Apr-21 11:00 AM', 'DD-MON-YYYY HH:MI AM'), TO_DATE('11-Apr-21 01:30 PM', 'DD-MON-YYYY HH:MI AM'), 'M00006', 'H0036');
insert into schedule  (schedule_id, showtime, endtime, movie_id, hall_id) values ('X000000157', TO_DATE('14-Apr-21 02:00 PM', 'DD-MON-YYYY HH:MI AM'), TO_DATE('14-Apr-21 04:30 PM', 'DD-MON-YYYY HH:MI AM'), 'M00007', 'H0037');
insert into schedule  (schedule_id, showtime, endtime, movie_id, hall_id) values ('X000000158', TO_DATE('17-Apr-21 05:00 PM', 'DD-MON-YYYY HH:MI AM'), TO_DATE('17-Apr-21 07:30 PM', 'DD-MON-YYYY HH:MI AM'), 'M00008', 'H0038');
insert into schedule  (schedule_id, showtime, endtime, movie_id, hall_id) values ('X000000159', TO_DATE('20-Apr-21 08:00 PM', 'DD-MON-YYYY HH:MI AM'), TO_DATE('20-Apr-21 10:30 PM', 'DD-MON-YYYY HH:MI AM'), 'M00009', 'H0039');
insert into schedule  (schedule_id, showtime, endtime, movie_id, hall_id) values ('X000000160', TO_DATE('23-Apr-21 11:00 PM', 'DD-MON-YYYY HH:MI AM'), TO_DATE('23-Apr-21 01:30 AM', 'DD-MON-YYYY HH:MI AM'), 'M00010', 'H0040');
insert into schedule  (schedule_id, showtime, endtime, movie_id, hall_id) values ('X000000161', TO_DATE('26-Apr-21 11:00 AM', 'DD-MON-YYYY HH:MI AM'), TO_DATE('26-Apr-21 01:30 PM', 'DD-MON-YYYY HH:MI AM'), 'M00011', 'H0001');
insert into schedule  (schedule_id, showtime, endtime, movie_id, hall_id) values ('X000000162', TO_DATE('29-Apr-21 02:00 PM', 'DD-MON-YYYY HH:MI AM'), TO_DATE('29-Apr-21 04:30 PM', 'DD-MON-YYYY HH:MI AM'), 'M00012', 'H0002');
insert into schedule  (schedule_id, showtime, endtime, movie_id, hall_id) values ('X000000163', TO_DATE('2-May-21 05:00 PM', 'DD-MON-YYYY HH:MI AM'), TO_DATE('2-May-21 07:30 PM', 'DD-MON-YYYY HH:MI AM'), 'M00013', 'H0003');
insert into schedule  (schedule_id, showtime, endtime, movie_id, hall_id) values ('X000000164', TO_DATE('5-May-21 08:00 PM', 'DD-MON-YYYY HH:MI AM'), TO_DATE('5-May-21 10:30 PM', 'DD-MON-YYYY HH:MI AM'), 'M00014', 'H0004');
insert into schedule  (schedule_id, showtime, endtime, movie_id, hall_id) values ('X000000165', TO_DATE('8-May-21 11:00 PM', 'DD-MON-YYYY HH:MI AM'), TO_DATE('8-May-21 01:30 AM', 'DD-MON-YYYY HH:MI AM'), 'M00015', 'H0005');
insert into schedule  (schedule_id, showtime, endtime, movie_id, hall_id) values ('X000000166', TO_DATE('11-May-21 11:00 AM', 'DD-MON-YYYY HH:MI AM'), TO_DATE('11-May-21 01:30 PM', 'DD-MON-YYYY HH:MI AM'), 'M00016', 'H0006');
insert into schedule  (schedule_id, showtime, endtime, movie_id, hall_id) values ('X000000167', TO_DATE('14-May-21 02:00 PM', 'DD-MON-YYYY HH:MI AM'), TO_DATE('14-May-21 04:30 PM', 'DD-MON-YYYY HH:MI AM'), 'M00017', 'H0007');
insert into schedule  (schedule_id, showtime, endtime, movie_id, hall_id) values ('X000000168', TO_DATE('17-May-21 05:00 PM', 'DD-MON-YYYY HH:MI AM'), TO_DATE('17-May-21 07:30 PM', 'DD-MON-YYYY HH:MI AM'), 'M00018', 'H0008');
insert into schedule  (schedule_id, showtime, endtime, movie_id, hall_id) values ('X000000169', TO_DATE('20-May-21 08:00 PM', 'DD-MON-YYYY HH:MI AM'), TO_DATE('20-May-21 10:30 PM', 'DD-MON-YYYY HH:MI AM'), 'M00019', 'H0009');
insert into schedule  (schedule_id, showtime, endtime, movie_id, hall_id) values ('X000000170', TO_DATE('23-May-21 11:00 PM', 'DD-MON-YYYY HH:MI AM'), TO_DATE('23-May-21 01:30 AM', 'DD-MON-YYYY HH:MI AM'), 'M00020', 'H0010');
insert into schedule  (schedule_id, showtime, endtime, movie_id, hall_id) values ('X000000171', TO_DATE('26-May-21 11:00 AM', 'DD-MON-YYYY HH:MI AM'), TO_DATE('26-May-21 01:30 PM', 'DD-MON-YYYY HH:MI AM'), 'M00001', 'H0011');
insert into schedule  (schedule_id, showtime, endtime, movie_id, hall_id) values ('X000000172', TO_DATE('29-May-21 02:00 PM', 'DD-MON-YYYY HH:MI AM'), TO_DATE('29-May-21 04:30 PM', 'DD-MON-YYYY HH:MI AM'), 'M00002', 'H0012');
insert into schedule  (schedule_id, showtime, endtime, movie_id, hall_id) values ('X000000173', TO_DATE('1-Jun-21 05:00 PM', 'DD-MON-YYYY HH:MI AM'), TO_DATE('1-Jun-21 07:30 PM', 'DD-MON-YYYY HH:MI AM'), 'M00003', 'H0013');
insert into schedule  (schedule_id, showtime, endtime, movie_id, hall_id) values ('X000000174', TO_DATE('4-Jun-21 08:00 PM', 'DD-MON-YYYY HH:MI AM'), TO_DATE('4-Jun-21 10:30 PM', 'DD-MON-YYYY HH:MI AM'), 'M00004', 'H0014');
insert into schedule  (schedule_id, showtime, endtime, movie_id, hall_id) values ('X000000175', TO_DATE('7-Jun-21 11:00 PM', 'DD-MON-YYYY HH:MI AM'), TO_DATE('7-Jun-21 01:30 AM', 'DD-MON-YYYY HH:MI AM'), 'M00005', 'H0015');
insert into schedule  (schedule_id, showtime, endtime, movie_id, hall_id) values ('X000000176', TO_DATE('10-Jun-21 11:00 AM', 'DD-MON-YYYY HH:MI AM'), TO_DATE('10-Jun-21 01:30 PM', 'DD-MON-YYYY HH:MI AM'), 'M00006', 'H0016');
insert into schedule  (schedule_id, showtime, endtime, movie_id, hall_id) values ('X000000177', TO_DATE('13-Jun-21 02:00 PM', 'DD-MON-YYYY HH:MI AM'), TO_DATE('13-Jun-21 04:30 PM', 'DD-MON-YYYY HH:MI AM'), 'M00007', 'H0017');
insert into schedule  (schedule_id, showtime, endtime, movie_id, hall_id) values ('X000000178', TO_DATE('16-Jun-21 05:00 PM', 'DD-MON-YYYY HH:MI AM'), TO_DATE('16-Jun-21 07:30 PM', 'DD-MON-YYYY HH:MI AM'), 'M00008', 'H0018');
insert into schedule  (schedule_id, showtime, endtime, movie_id, hall_id) values ('X000000179', TO_DATE('19-Jun-21 08:00 PM', 'DD-MON-YYYY HH:MI AM'), TO_DATE('19-Jun-21 10:30 PM', 'DD-MON-YYYY HH:MI AM'), 'M00009', 'H0019');
insert into schedule  (schedule_id, showtime, endtime, movie_id, hall_id) values ('X000000180', TO_DATE('22-Jun-21 11:00 PM', 'DD-MON-YYYY HH:MI AM'), TO_DATE('22-Jun-21 01:30 AM', 'DD-MON-YYYY HH:MI AM'), 'M00010', 'H0020');
insert into schedule  (schedule_id, showtime, endtime, movie_id, hall_id) values ('X000000181', TO_DATE('25-Jun-21 11:00 AM', 'DD-MON-YYYY HH:MI AM'), TO_DATE('25-Jun-21 01:30 PM', 'DD-MON-YYYY HH:MI AM'), 'M00011', 'H0021');
insert into schedule  (schedule_id, showtime, endtime, movie_id, hall_id) values ('X000000182', TO_DATE('28-Jun-21 02:00 PM', 'DD-MON-YYYY HH:MI AM'), TO_DATE('28-Jun-21 04:30 PM', 'DD-MON-YYYY HH:MI AM'), 'M00012', 'H0022');
insert into schedule  (schedule_id, showtime, endtime, movie_id, hall_id) values ('X000000183', TO_DATE('1-Jul-21 05:00 PM', 'DD-MON-YYYY HH:MI AM'), TO_DATE('1-Jul-21 07:30 PM', 'DD-MON-YYYY HH:MI AM'), 'M00013', 'H0023');
insert into schedule  (schedule_id, showtime, endtime, movie_id, hall_id) values ('X000000184', TO_DATE('4-Jul-21 08:00 PM', 'DD-MON-YYYY HH:MI AM'), TO_DATE('4-Jul-21 10:30 PM', 'DD-MON-YYYY HH:MI AM'), 'M00014', 'H0024');
insert into schedule  (schedule_id, showtime, endtime, movie_id, hall_id) values ('X000000185', TO_DATE('7-Jul-21 11:00 PM', 'DD-MON-YYYY HH:MI AM'), TO_DATE('7-Jul-21 01:30 AM', 'DD-MON-YYYY HH:MI AM'), 'M00015', 'H0025');
insert into schedule  (schedule_id, showtime, endtime, movie_id, hall_id) values ('X000000186', TO_DATE('10-Jul-21 11:00 AM', 'DD-MON-YYYY HH:MI AM'), TO_DATE('10-Jul-21 01:30 PM', 'DD-MON-YYYY HH:MI AM'), 'M00016', 'H0026');
insert into schedule  (schedule_id, showtime, endtime, movie_id, hall_id) values ('X000000187', TO_DATE('13-Jul-21 02:00 PM', 'DD-MON-YYYY HH:MI AM'), TO_DATE('13-Jul-21 04:30 PM', 'DD-MON-YYYY HH:MI AM'), 'M00017', 'H0027');
insert into schedule  (schedule_id, showtime, endtime, movie_id, hall_id) values ('X000000188', TO_DATE('16-Jul-21 05:00 PM', 'DD-MON-YYYY HH:MI AM'), TO_DATE('16-Jul-21 07:30 PM', 'DD-MON-YYYY HH:MI AM'), 'M00018', 'H0028');
insert into schedule  (schedule_id, showtime, endtime, movie_id, hall_id) values ('X000000189', TO_DATE('19-Jul-21 08:00 PM', 'DD-MON-YYYY HH:MI AM'), TO_DATE('19-Jul-21 10:30 PM', 'DD-MON-YYYY HH:MI AM'), 'M00019', 'H0029');
insert into schedule  (schedule_id, showtime, endtime, movie_id, hall_id) values ('X000000190', TO_DATE('22-Jul-21 11:00 PM', 'DD-MON-YYYY HH:MI AM'), TO_DATE('22-Jul-21 01:30 AM', 'DD-MON-YYYY HH:MI AM'), 'M00020', 'H0030');
insert into schedule  (schedule_id, showtime, endtime, movie_id, hall_id) values ('X000000191', TO_DATE('25-Jul-21 11:00 AM', 'DD-MON-YYYY HH:MI AM'), TO_DATE('25-Jul-21 01:30 PM', 'DD-MON-YYYY HH:MI AM'), 'M00001', 'H0031');
insert into schedule  (schedule_id, showtime, endtime, movie_id, hall_id) values ('X000000192', TO_DATE('28-Jul-21 02:00 PM', 'DD-MON-YYYY HH:MI AM'), TO_DATE('28-Jul-21 04:30 PM', 'DD-MON-YYYY HH:MI AM'), 'M00002', 'H0032');
insert into schedule  (schedule_id, showtime, endtime, movie_id, hall_id) values ('X000000193', TO_DATE('31-Jul-21 05:00 PM', 'DD-MON-YYYY HH:MI AM'), TO_DATE('31-Jul-21 07:30 PM', 'DD-MON-YYYY HH:MI AM'), 'M00003', 'H0033');
insert into schedule  (schedule_id, showtime, endtime, movie_id, hall_id) values ('X000000194', TO_DATE('3-Aug-21 08:00 PM', 'DD-MON-YYYY HH:MI AM'), TO_DATE('3-Aug-21 10:30 PM', 'DD-MON-YYYY HH:MI AM'), 'M00004', 'H0034');
insert into schedule  (schedule_id, showtime, endtime, movie_id, hall_id) values ('X000000195', TO_DATE('6-Aug-21 11:00 PM', 'DD-MON-YYYY HH:MI AM'), TO_DATE('6-Aug-21 01:30 AM', 'DD-MON-YYYY HH:MI AM'), 'M00005', 'H0035');
insert into schedule  (schedule_id, showtime, endtime, movie_id, hall_id) values ('X000000196', TO_DATE('9-Aug-21 11:00 AM', 'DD-MON-YYYY HH:MI AM'), TO_DATE('9-Aug-21 01:30 PM', 'DD-MON-YYYY HH:MI AM'), 'M00006', 'H0036');
insert into schedule  (schedule_id, showtime, endtime, movie_id, hall_id) values ('X000000197', TO_DATE('12-Aug-21 02:00 PM', 'DD-MON-YYYY HH:MI AM'), TO_DATE('12-Aug-21 04:30 PM', 'DD-MON-YYYY HH:MI AM'), 'M00007', 'H0037');
insert into schedule  (schedule_id, showtime, endtime, movie_id, hall_id) values ('X000000198', TO_DATE('15-Aug-21 05:00 PM', 'DD-MON-YYYY HH:MI AM'), TO_DATE('15-Aug-21 07:30 PM', 'DD-MON-YYYY HH:MI AM'), 'M00008', 'H0038');
insert into schedule  (schedule_id, showtime, endtime, movie_id, hall_id) values ('X000000199', TO_DATE('18-Aug-21 08:00 PM', 'DD-MON-YYYY HH:MI AM'), TO_DATE('18-Aug-21 10:30 PM', 'DD-MON-YYYY HH:MI AM'), 'M00009', 'H0039');
insert into schedule  (schedule_id, showtime, endtime, movie_id, hall_id) values ('X000000200', TO_DATE('21-Aug-21 11:00 PM', 'DD-MON-YYYY HH:MI AM'), TO_DATE('21-Aug-21 01:30 AM', 'DD-MON-YYYY HH:MI AM'), 'M00010', 'H0040');
insert into schedule  (schedule_id, showtime, endtime, movie_id, hall_id) values ('X000000201', TO_DATE('24-Aug-21 11:00 AM', 'DD-MON-YYYY HH:MI AM'), TO_DATE('24-Aug-21 01:30 PM', 'DD-MON-YYYY HH:MI AM'), 'M00011', 'H0001');
insert into schedule  (schedule_id, showtime, endtime, movie_id, hall_id) values ('X000000202', TO_DATE('27-Aug-21 02:00 PM', 'DD-MON-YYYY HH:MI AM'), TO_DATE('27-Aug-21 04:30 PM', 'DD-MON-YYYY HH:MI AM'), 'M00012', 'H0002');
insert into schedule  (schedule_id, showtime, endtime, movie_id, hall_id) values ('X000000203', TO_DATE('30-Aug-21 05:00 PM', 'DD-MON-YYYY HH:MI AM'), TO_DATE('30-Aug-21 07:30 PM', 'DD-MON-YYYY HH:MI AM'), 'M00013', 'H0003');
insert into schedule  (schedule_id, showtime, endtime, movie_id, hall_id) values ('X000000204', TO_DATE('2-Sep-21 08:00 PM', 'DD-MON-YYYY HH:MI AM'), TO_DATE('2-Sep-21 10:30 PM', 'DD-MON-YYYY HH:MI AM'), 'M00014', 'H0004');
insert into schedule  (schedule_id, showtime, endtime, movie_id, hall_id) values ('X000000205', TO_DATE('5-Sep-21 11:00 PM', 'DD-MON-YYYY HH:MI AM'), TO_DATE('5-Sep-21 01:30 AM', 'DD-MON-YYYY HH:MI AM'), 'M00015', 'H0005');
insert into schedule  (schedule_id, showtime, endtime, movie_id, hall_id) values ('X000000206', TO_DATE('8-Sep-21 11:00 AM', 'DD-MON-YYYY HH:MI AM'), TO_DATE('8-Sep-21 01:30 PM', 'DD-MON-YYYY HH:MI AM'), 'M00016', 'H0006');
insert into schedule  (schedule_id, showtime, endtime, movie_id, hall_id) values ('X000000207', TO_DATE('11-Sep-21 02:00 PM', 'DD-MON-YYYY HH:MI AM'), TO_DATE('11-Sep-21 04:30 PM', 'DD-MON-YYYY HH:MI AM'), 'M00017', 'H0007');
insert into schedule  (schedule_id, showtime, endtime, movie_id, hall_id) values ('X000000208', TO_DATE('14-Sep-21 05:00 PM', 'DD-MON-YYYY HH:MI AM'), TO_DATE('14-Sep-21 07:30 PM', 'DD-MON-YYYY HH:MI AM'), 'M00018', 'H0008');
insert into schedule  (schedule_id, showtime, endtime, movie_id, hall_id) values ('X000000209', TO_DATE('17-Sep-21 08:00 PM', 'DD-MON-YYYY HH:MI AM'), TO_DATE('17-Sep-21 10:30 PM', 'DD-MON-YYYY HH:MI AM'), 'M00019', 'H0009');
insert into schedule  (schedule_id, showtime, endtime, movie_id, hall_id) values ('X000000210', TO_DATE('20-Sep-21 11:00 PM', 'DD-MON-YYYY HH:MI AM'), TO_DATE('20-Sep-21 01:30 AM', 'DD-MON-YYYY HH:MI AM'), 'M00020', 'H0010');
insert into schedule  (schedule_id, showtime, endtime, movie_id, hall_id) values ('X000000211', TO_DATE('23-Sep-21 11:00 AM', 'DD-MON-YYYY HH:MI AM'), TO_DATE('23-Sep-21 01:30 PM', 'DD-MON-YYYY HH:MI AM'), 'M00001', 'H0011');
insert into schedule  (schedule_id, showtime, endtime, movie_id, hall_id) values ('X000000212', TO_DATE('26-Sep-21 02:00 PM', 'DD-MON-YYYY HH:MI AM'), TO_DATE('26-Sep-21 04:30 PM', 'DD-MON-YYYY HH:MI AM'), 'M00002', 'H0012');
insert into schedule  (schedule_id, showtime, endtime, movie_id, hall_id) values ('X000000213', TO_DATE('29-Sep-21 05:00 PM', 'DD-MON-YYYY HH:MI AM'), TO_DATE('29-Sep-21 07:30 PM', 'DD-MON-YYYY HH:MI AM'), 'M00003', 'H0013');
insert into schedule  (schedule_id, showtime, endtime, movie_id, hall_id) values ('X000000214', TO_DATE('2-Oct-21 08:00 PM', 'DD-MON-YYYY HH:MI AM'), TO_DATE('2-Oct-21 10:30 PM', 'DD-MON-YYYY HH:MI AM'), 'M00004', 'H0014');
insert into schedule  (schedule_id, showtime, endtime, movie_id, hall_id) values ('X000000215', TO_DATE('5-Oct-21 11:00 PM', 'DD-MON-YYYY HH:MI AM'), TO_DATE('5-Oct-21 01:30 AM', 'DD-MON-YYYY HH:MI AM'), 'M00005', 'H0015');
insert into schedule  (schedule_id, showtime, endtime, movie_id, hall_id) values ('X000000216', TO_DATE('8-Oct-21 11:00 AM', 'DD-MON-YYYY HH:MI AM'), TO_DATE('8-Oct-21 01:30 PM', 'DD-MON-YYYY HH:MI AM'), 'M00006', 'H0016');
insert into schedule  (schedule_id, showtime, endtime, movie_id, hall_id) values ('X000000217', TO_DATE('11-Oct-21 02:00 PM', 'DD-MON-YYYY HH:MI AM'), TO_DATE('11-Oct-21 04:30 PM', 'DD-MON-YYYY HH:MI AM'), 'M00007', 'H0017');
insert into schedule  (schedule_id, showtime, endtime, movie_id, hall_id) values ('X000000218', TO_DATE('14-Oct-21 05:00 PM', 'DD-MON-YYYY HH:MI AM'), TO_DATE('14-Oct-21 07:30 PM', 'DD-MON-YYYY HH:MI AM'), 'M00008', 'H0018');
insert into schedule  (schedule_id, showtime, endtime, movie_id, hall_id) values ('X000000219', TO_DATE('17-Oct-21 08:00 PM', 'DD-MON-YYYY HH:MI AM'), TO_DATE('17-Oct-21 10:30 PM', 'DD-MON-YYYY HH:MI AM'), 'M00009', 'H0019');
insert into schedule  (schedule_id, showtime, endtime, movie_id, hall_id) values ('X000000220', TO_DATE('20-Oct-21 11:00 PM', 'DD-MON-YYYY HH:MI AM'), TO_DATE('20-Oct-21 01:30 AM', 'DD-MON-YYYY HH:MI AM'), 'M00010', 'H0020');
insert into schedule  (schedule_id, showtime, endtime, movie_id, hall_id) values ('X000000221', TO_DATE('23-Oct-21 11:00 AM', 'DD-MON-YYYY HH:MI AM'), TO_DATE('23-Oct-21 01:30 PM', 'DD-MON-YYYY HH:MI AM'), 'M00011', 'H0021');
insert into schedule  (schedule_id, showtime, endtime, movie_id, hall_id) values ('X000000222', TO_DATE('26-Oct-21 02:00 PM', 'DD-MON-YYYY HH:MI AM'), TO_DATE('26-Oct-21 04:30 PM', 'DD-MON-YYYY HH:MI AM'), 'M00012', 'H0022');
insert into schedule  (schedule_id, showtime, endtime, movie_id, hall_id) values ('X000000223', TO_DATE('29-Oct-21 05:00 PM', 'DD-MON-YYYY HH:MI AM'), TO_DATE('29-Oct-21 07:30 PM', 'DD-MON-YYYY HH:MI AM'), 'M00013', 'H0023');
insert into schedule  (schedule_id, showtime, endtime, movie_id, hall_id) values ('X000000224', TO_DATE('1-Nov-21 08:00 PM', 'DD-MON-YYYY HH:MI AM'), TO_DATE('1-Nov-21 10:30 PM', 'DD-MON-YYYY HH:MI AM'), 'M00014', 'H0024');
insert into schedule  (schedule_id, showtime, endtime, movie_id, hall_id) values ('X000000225', TO_DATE('4-Nov-21 11:00 PM', 'DD-MON-YYYY HH:MI AM'), TO_DATE('4-Nov-21 01:30 AM', 'DD-MON-YYYY HH:MI AM'), 'M00015', 'H0025');
insert into schedule  (schedule_id, showtime, endtime, movie_id, hall_id) values ('X000000226', TO_DATE('7-Nov-21 11:00 AM', 'DD-MON-YYYY HH:MI AM'), TO_DATE('7-Nov-21 01:30 PM', 'DD-MON-YYYY HH:MI AM'), 'M00016', 'H0026');
insert into schedule  (schedule_id, showtime, endtime, movie_id, hall_id) values ('X000000227', TO_DATE('10-Nov-21 02:00 PM', 'DD-MON-YYYY HH:MI AM'), TO_DATE('10-Nov-21 04:30 PM', 'DD-MON-YYYY HH:MI AM'), 'M00017', 'H0027');
insert into schedule  (schedule_id, showtime, endtime, movie_id, hall_id) values ('X000000228', TO_DATE('13-Nov-21 05:00 PM', 'DD-MON-YYYY HH:MI AM'), TO_DATE('13-Nov-21 07:30 PM', 'DD-MON-YYYY HH:MI AM'), 'M00018', 'H0028');
insert into schedule  (schedule_id, showtime, endtime, movie_id, hall_id) values ('X000000229', TO_DATE('16-Nov-21 08:00 PM', 'DD-MON-YYYY HH:MI AM'), TO_DATE('16-Nov-21 10:30 PM', 'DD-MON-YYYY HH:MI AM'), 'M00019', 'H0029');
insert into schedule  (schedule_id, showtime, endtime, movie_id, hall_id) values ('X000000230', TO_DATE('19-Nov-21 11:00 PM', 'DD-MON-YYYY HH:MI AM'), TO_DATE('19-Nov-21 01:30 AM', 'DD-MON-YYYY HH:MI AM'), 'M00020', 'H0030');
insert into schedule  (schedule_id, showtime, endtime, movie_id, hall_id) values ('X000000231', TO_DATE('22-Nov-21 11:00 AM', 'DD-MON-YYYY HH:MI AM'), TO_DATE('22-Nov-21 01:30 PM', 'DD-MON-YYYY HH:MI AM'), 'M00001', 'H0031');
insert into schedule  (schedule_id, showtime, endtime, movie_id, hall_id) values ('X000000232', TO_DATE('25-Nov-21 02:00 PM', 'DD-MON-YYYY HH:MI AM'), TO_DATE('25-Nov-21 04:30 PM', 'DD-MON-YYYY HH:MI AM'), 'M00002', 'H0032');
insert into schedule  (schedule_id, showtime, endtime, movie_id, hall_id) values ('X000000233', TO_DATE('28-Nov-21 05:00 PM', 'DD-MON-YYYY HH:MI AM'), TO_DATE('28-Nov-21 07:30 PM', 'DD-MON-YYYY HH:MI AM'), 'M00003', 'H0033');
insert into schedule  (schedule_id, showtime, endtime, movie_id, hall_id) values ('X000000234', TO_DATE('1-Dec-21 08:00 PM', 'DD-MON-YYYY HH:MI AM'), TO_DATE('1-Dec-21 10:30 PM', 'DD-MON-YYYY HH:MI AM'), 'M00004', 'H0034');
insert into schedule  (schedule_id, showtime, endtime, movie_id, hall_id) values ('X000000235', TO_DATE('4-Dec-21 11:00 PM', 'DD-MON-YYYY HH:MI AM'), TO_DATE('4-Dec-21 01:30 AM', 'DD-MON-YYYY HH:MI AM'), 'M00005', 'H0035');
insert into schedule  (schedule_id, showtime, endtime, movie_id, hall_id) values ('X000000236', TO_DATE('7-Dec-21 11:00 AM', 'DD-MON-YYYY HH:MI AM'), TO_DATE('7-Dec-21 01:30 PM', 'DD-MON-YYYY HH:MI AM'), 'M00006', 'H0036');
insert into schedule  (schedule_id, showtime, endtime, movie_id, hall_id) values ('X000000237', TO_DATE('10-Dec-21 02:00 PM', 'DD-MON-YYYY HH:MI AM'), TO_DATE('10-Dec-21 04:30 PM', 'DD-MON-YYYY HH:MI AM'), 'M00007', 'H0037');
insert into schedule  (schedule_id, showtime, endtime, movie_id, hall_id) values ('X000000238', TO_DATE('13-Dec-21 05:00 PM', 'DD-MON-YYYY HH:MI AM'), TO_DATE('13-Dec-21 07:30 PM', 'DD-MON-YYYY HH:MI AM'), 'M00008', 'H0038');
insert into schedule  (schedule_id, showtime, endtime, movie_id, hall_id) values ('X000000239', TO_DATE('16-Dec-21 08:00 PM', 'DD-MON-YYYY HH:MI AM'), TO_DATE('16-Dec-21 10:30 PM', 'DD-MON-YYYY HH:MI AM'), 'M00009', 'H0039');
insert into schedule  (schedule_id, showtime, endtime, movie_id, hall_id) values ('X000000240', TO_DATE('19-Dec-21 11:00 PM', 'DD-MON-YYYY HH:MI AM'), TO_DATE('19-Dec-21 01:30 AM', 'DD-MON-YYYY HH:MI AM'), 'M00010', 'H0040');
insert into schedule  (schedule_id, showtime, endtime, movie_id, hall_id) values ('X000000241', TO_DATE('22-Dec-21 11:00 AM', 'DD-MON-YYYY HH:MI AM'), TO_DATE('22-Dec-21 01:30 PM', 'DD-MON-YYYY HH:MI AM'), 'M00011', 'H0001');
insert into schedule  (schedule_id, showtime, endtime, movie_id, hall_id) values ('X000000242', TO_DATE('25-Dec-21 02:00 PM', 'DD-MON-YYYY HH:MI AM'), TO_DATE('25-Dec-21 04:30 PM', 'DD-MON-YYYY HH:MI AM'), 'M00012', 'H0002');
insert into schedule  (schedule_id, showtime, endtime, movie_id, hall_id) values ('X000000243', TO_DATE('28-Dec-21 05:00 PM', 'DD-MON-YYYY HH:MI AM'), TO_DATE('28-Dec-21 07:30 PM', 'DD-MON-YYYY HH:MI AM'), 'M00013', 'H0003');
insert into schedule  (schedule_id, showtime, endtime, movie_id, hall_id) values ('X000000244', TO_DATE('31-Dec-21 08:00 PM', 'DD-MON-YYYY HH:MI AM'), TO_DATE('31-Dec-21 10:30 PM', 'DD-MON-YYYY HH:MI AM'), 'M00014', 'H0004');
insert into schedule  (schedule_id, showtime, endtime, movie_id, hall_id) values ('X000000245', TO_DATE('3-Jan-22 11:00 PM', 'DD-MON-YYYY HH:MI AM'), TO_DATE('3-Jan-22 01:30 AM', 'DD-MON-YYYY HH:MI AM'), 'M00015', 'H0005');
insert into schedule  (schedule_id, showtime, endtime, movie_id, hall_id) values ('X000000246', TO_DATE('6-Jan-22 11:00 AM', 'DD-MON-YYYY HH:MI AM'), TO_DATE('6-Jan-22 01:30 PM', 'DD-MON-YYYY HH:MI AM'), 'M00016', 'H0006');
insert into schedule  (schedule_id, showtime, endtime, movie_id, hall_id) values ('X000000247', TO_DATE('9-Jan-22 02:00 PM', 'DD-MON-YYYY HH:MI AM'), TO_DATE('9-Jan-22 04:30 PM', 'DD-MON-YYYY HH:MI AM'), 'M00017', 'H0007');
insert into schedule  (schedule_id, showtime, endtime, movie_id, hall_id) values ('X000000248', TO_DATE('12-Jan-22 05:00 PM', 'DD-MON-YYYY HH:MI AM'), TO_DATE('12-Jan-22 07:30 PM', 'DD-MON-YYYY HH:MI AM'), 'M00018', 'H0008');
insert into schedule  (schedule_id, showtime, endtime, movie_id, hall_id) values ('X000000249', TO_DATE('15-Jan-22 08:00 PM', 'DD-MON-YYYY HH:MI AM'), TO_DATE('15-Jan-22 10:30 PM', 'DD-MON-YYYY HH:MI AM'), 'M00019', 'H0009');
insert into schedule  (schedule_id, showtime, endtime, movie_id, hall_id) values ('X000000250', TO_DATE('18-Jan-22 11:00 PM', 'DD-MON-YYYY HH:MI AM'), TO_DATE('18-Jan-22 01:30 AM', 'DD-MON-YYYY HH:MI AM'), 'M00020', 'H0010');
insert into schedule  (schedule_id, showtime, endtime, movie_id, hall_id) values ('X000000251', TO_DATE('21-Jan-22 11:00 AM', 'DD-MON-YYYY HH:MI AM'), TO_DATE('21-Jan-22 01:30 PM', 'DD-MON-YYYY HH:MI AM'), 'M00001', 'H0011');
insert into schedule  (schedule_id, showtime, endtime, movie_id, hall_id) values ('X000000252', TO_DATE('24-Jan-22 02:00 PM', 'DD-MON-YYYY HH:MI AM'), TO_DATE('24-Jan-22 04:30 PM', 'DD-MON-YYYY HH:MI AM'), 'M00002', 'H0012');
insert into schedule  (schedule_id, showtime, endtime, movie_id, hall_id) values ('X000000253', TO_DATE('27-Jan-22 05:00 PM', 'DD-MON-YYYY HH:MI AM'), TO_DATE('27-Jan-22 07:30 PM', 'DD-MON-YYYY HH:MI AM'), 'M00003', 'H0013');
insert into schedule  (schedule_id, showtime, endtime, movie_id, hall_id) values ('X000000254', TO_DATE('30-Jan-22 08:00 PM', 'DD-MON-YYYY HH:MI AM'), TO_DATE('30-Jan-22 10:30 PM', 'DD-MON-YYYY HH:MI AM'), 'M00004', 'H0014');
insert into schedule  (schedule_id, showtime, endtime, movie_id, hall_id) values ('X000000255', TO_DATE('2-Feb-22 11:00 PM', 'DD-MON-YYYY HH:MI AM'), TO_DATE('2-Feb-22 01:30 AM', 'DD-MON-YYYY HH:MI AM'), 'M00005', 'H0015');
insert into schedule  (schedule_id, showtime, endtime, movie_id, hall_id) values ('X000000256', TO_DATE('5-Feb-22 11:00 AM', 'DD-MON-YYYY HH:MI AM'), TO_DATE('5-Feb-22 01:30 PM', 'DD-MON-YYYY HH:MI AM'), 'M00006', 'H0016');
insert into schedule  (schedule_id, showtime, endtime, movie_id, hall_id) values ('X000000257', TO_DATE('8-Feb-22 02:00 PM', 'DD-MON-YYYY HH:MI AM'), TO_DATE('8-Feb-22 04:30 PM', 'DD-MON-YYYY HH:MI AM'), 'M00007', 'H0017');
insert into schedule  (schedule_id, showtime, endtime, movie_id, hall_id) values ('X000000258', TO_DATE('11-Feb-22 05:00 PM', 'DD-MON-YYYY HH:MI AM'), TO_DATE('11-Feb-22 07:30 PM', 'DD-MON-YYYY HH:MI AM'), 'M00008', 'H0018');
insert into schedule  (schedule_id, showtime, endtime, movie_id, hall_id) values ('X000000259', TO_DATE('14-Feb-22 08:00 PM', 'DD-MON-YYYY HH:MI AM'), TO_DATE('14-Feb-22 10:30 PM', 'DD-MON-YYYY HH:MI AM'), 'M00009', 'H0019');
insert into schedule  (schedule_id, showtime, endtime, movie_id, hall_id) values ('X000000260', TO_DATE('17-Feb-22 11:00 PM', 'DD-MON-YYYY HH:MI AM'), TO_DATE('17-Feb-22 01:30 AM', 'DD-MON-YYYY HH:MI AM'), 'M00010', 'H0020');
insert into schedule  (schedule_id, showtime, endtime, movie_id, hall_id) values ('X000000261', TO_DATE('20-Feb-22 11:00 AM', 'DD-MON-YYYY HH:MI AM'), TO_DATE('20-Feb-22 01:30 PM', 'DD-MON-YYYY HH:MI AM'), 'M00011', 'H0021');
insert into schedule  (schedule_id, showtime, endtime, movie_id, hall_id) values ('X000000262', TO_DATE('23-Feb-22 02:00 PM', 'DD-MON-YYYY HH:MI AM'), TO_DATE('23-Feb-22 04:30 PM', 'DD-MON-YYYY HH:MI AM'), 'M00012', 'H0022');
insert into schedule  (schedule_id, showtime, endtime, movie_id, hall_id) values ('X000000263', TO_DATE('26-Feb-22 05:00 PM', 'DD-MON-YYYY HH:MI AM'), TO_DATE('26-Feb-22 07:30 PM', 'DD-MON-YYYY HH:MI AM'), 'M00013', 'H0023');
insert into schedule  (schedule_id, showtime, endtime, movie_id, hall_id) values ('X000000264', TO_DATE('1-Mar-22 08:00 PM', 'DD-MON-YYYY HH:MI AM'), TO_DATE('1-Mar-22 10:30 PM', 'DD-MON-YYYY HH:MI AM'), 'M00014', 'H0024');
insert into schedule  (schedule_id, showtime, endtime, movie_id, hall_id) values ('X000000265', TO_DATE('4-Mar-22 11:00 PM', 'DD-MON-YYYY HH:MI AM'), TO_DATE('4-Mar-22 01:30 AM', 'DD-MON-YYYY HH:MI AM'), 'M00015', 'H0025');
insert into schedule  (schedule_id, showtime, endtime, movie_id, hall_id) values ('X000000266', TO_DATE('7-Mar-22 11:00 AM', 'DD-MON-YYYY HH:MI AM'), TO_DATE('7-Mar-22 01:30 PM', 'DD-MON-YYYY HH:MI AM'), 'M00016', 'H0026');
insert into schedule  (schedule_id, showtime, endtime, movie_id, hall_id) values ('X000000267', TO_DATE('10-Mar-22 02:00 PM', 'DD-MON-YYYY HH:MI AM'), TO_DATE('10-Mar-22 04:30 PM', 'DD-MON-YYYY HH:MI AM'), 'M00017', 'H0027');
insert into schedule  (schedule_id, showtime, endtime, movie_id, hall_id) values ('X000000268', TO_DATE('13-Mar-22 05:00 PM', 'DD-MON-YYYY HH:MI AM'), TO_DATE('13-Mar-22 07:30 PM', 'DD-MON-YYYY HH:MI AM'), 'M00018', 'H0028');
insert into schedule  (schedule_id, showtime, endtime, movie_id, hall_id) values ('X000000269', TO_DATE('16-Mar-22 08:00 PM', 'DD-MON-YYYY HH:MI AM'), TO_DATE('16-Mar-22 10:30 PM', 'DD-MON-YYYY HH:MI AM'), 'M00019', 'H0029');
insert into schedule  (schedule_id, showtime, endtime, movie_id, hall_id) values ('X000000270', TO_DATE('19-Mar-22 11:00 PM', 'DD-MON-YYYY HH:MI AM'), TO_DATE('19-Mar-22 01:30 AM', 'DD-MON-YYYY HH:MI AM'), 'M00020', 'H0030');
insert into schedule  (schedule_id, showtime, endtime, movie_id, hall_id) values ('X000000271', TO_DATE('22-Mar-22 11:00 AM', 'DD-MON-YYYY HH:MI AM'), TO_DATE('22-Mar-22 01:30 PM', 'DD-MON-YYYY HH:MI AM'), 'M00001', 'H0031');
insert into schedule  (schedule_id, showtime, endtime, movie_id, hall_id) values ('X000000272', TO_DATE('25-Mar-22 02:00 PM', 'DD-MON-YYYY HH:MI AM'), TO_DATE('25-Mar-22 04:30 PM', 'DD-MON-YYYY HH:MI AM'), 'M00002', 'H0032');
insert into schedule  (schedule_id, showtime, endtime, movie_id, hall_id) values ('X000000273', TO_DATE('28-Mar-22 05:00 PM', 'DD-MON-YYYY HH:MI AM'), TO_DATE('28-Mar-22 07:30 PM', 'DD-MON-YYYY HH:MI AM'), 'M00003', 'H0033');
insert into schedule  (schedule_id, showtime, endtime, movie_id, hall_id) values ('X000000274', TO_DATE('31-Mar-22 08:00 PM', 'DD-MON-YYYY HH:MI AM'), TO_DATE('31-Mar-22 10:30 PM', 'DD-MON-YYYY HH:MI AM'), 'M00004', 'H0034');
insert into schedule  (schedule_id, showtime, endtime, movie_id, hall_id) values ('X000000275', TO_DATE('3-Apr-22 11:00 PM', 'DD-MON-YYYY HH:MI AM'), TO_DATE('3-Apr-22 01:30 AM', 'DD-MON-YYYY HH:MI AM'), 'M00005', 'H0035');
insert into schedule  (schedule_id, showtime, endtime, movie_id, hall_id) values ('X000000276', TO_DATE('6-Apr-22 11:00 AM', 'DD-MON-YYYY HH:MI AM'), TO_DATE('6-Apr-22 01:30 PM', 'DD-MON-YYYY HH:MI AM'), 'M00006', 'H0036');
insert into schedule  (schedule_id, showtime, endtime, movie_id, hall_id) values ('X000000277', TO_DATE('9-Apr-22 02:00 PM', 'DD-MON-YYYY HH:MI AM'), TO_DATE('9-Apr-22 04:30 PM', 'DD-MON-YYYY HH:MI AM'), 'M00007', 'H0037');
insert into schedule  (schedule_id, showtime, endtime, movie_id, hall_id) values ('X000000278', TO_DATE('12-Apr-22 05:00 PM', 'DD-MON-YYYY HH:MI AM'), TO_DATE('12-Apr-22 07:30 PM', 'DD-MON-YYYY HH:MI AM'), 'M00008', 'H0038');
insert into schedule  (schedule_id, showtime, endtime, movie_id, hall_id) values ('X000000279', TO_DATE('15-Apr-22 08:00 PM', 'DD-MON-YYYY HH:MI AM'), TO_DATE('15-Apr-22 10:30 PM', 'DD-MON-YYYY HH:MI AM'), 'M00009', 'H0039');
insert into schedule  (schedule_id, showtime, endtime, movie_id, hall_id) values ('X000000280', TO_DATE('18-Apr-22 11:00 PM', 'DD-MON-YYYY HH:MI AM'), TO_DATE('18-Apr-22 01:30 AM', 'DD-MON-YYYY HH:MI AM'), 'M00010', 'H0040');
insert into schedule  (schedule_id, showtime, endtime, movie_id, hall_id) values ('X000000281', TO_DATE('21-Apr-22 11:00 AM', 'DD-MON-YYYY HH:MI AM'), TO_DATE('21-Apr-22 01:30 PM', 'DD-MON-YYYY HH:MI AM'), 'M00011', 'H0001');
insert into schedule  (schedule_id, showtime, endtime, movie_id, hall_id) values ('X000000282', TO_DATE('24-Apr-22 02:00 PM', 'DD-MON-YYYY HH:MI AM'), TO_DATE('24-Apr-22 04:30 PM', 'DD-MON-YYYY HH:MI AM'), 'M00012', 'H0002');
insert into schedule  (schedule_id, showtime, endtime, movie_id, hall_id) values ('X000000283', TO_DATE('27-Apr-22 05:00 PM', 'DD-MON-YYYY HH:MI AM'), TO_DATE('27-Apr-22 07:30 PM', 'DD-MON-YYYY HH:MI AM'), 'M00013', 'H0003');
insert into schedule  (schedule_id, showtime, endtime, movie_id, hall_id) values ('X000000284', TO_DATE('30-Apr-22 08:00 PM', 'DD-MON-YYYY HH:MI AM'), TO_DATE('30-Apr-22 10:30 PM', 'DD-MON-YYYY HH:MI AM'), 'M00014', 'H0004');
insert into schedule  (schedule_id, showtime, endtime, movie_id, hall_id) values ('X000000285', TO_DATE('3-May-22 11:00 PM', 'DD-MON-YYYY HH:MI AM'), TO_DATE('3-May-22 01:30 AM', 'DD-MON-YYYY HH:MI AM'), 'M00015', 'H0005');
insert into schedule  (schedule_id, showtime, endtime, movie_id, hall_id) values ('X000000286', TO_DATE('6-May-22 11:00 AM', 'DD-MON-YYYY HH:MI AM'), TO_DATE('6-May-22 01:30 PM', 'DD-MON-YYYY HH:MI AM'), 'M00016', 'H0006');
insert into schedule  (schedule_id, showtime, endtime, movie_id, hall_id) values ('X000000287', TO_DATE('9-May-22 02:00 PM', 'DD-MON-YYYY HH:MI AM'), TO_DATE('9-May-22 04:30 PM', 'DD-MON-YYYY HH:MI AM'), 'M00017', 'H0007');
insert into schedule  (schedule_id, showtime, endtime, movie_id, hall_id) values ('X000000288', TO_DATE('12-May-22 05:00 PM', 'DD-MON-YYYY HH:MI AM'), TO_DATE('12-May-22 07:30 PM', 'DD-MON-YYYY HH:MI AM'), 'M00018', 'H0008');
insert into schedule  (schedule_id, showtime, endtime, movie_id, hall_id) values ('X000000289', TO_DATE('15-May-22 08:00 PM', 'DD-MON-YYYY HH:MI AM'), TO_DATE('15-May-22 10:30 PM', 'DD-MON-YYYY HH:MI AM'), 'M00019', 'H0009');
insert into schedule  (schedule_id, showtime, endtime, movie_id, hall_id) values ('X000000290', TO_DATE('18-May-22 11:00 PM', 'DD-MON-YYYY HH:MI AM'), TO_DATE('18-May-22 01:30 AM', 'DD-MON-YYYY HH:MI AM'), 'M00020', 'H0010');
insert into schedule  (schedule_id, showtime, endtime, movie_id, hall_id) values ('X000000291', TO_DATE('21-May-22 11:00 AM', 'DD-MON-YYYY HH:MI AM'), TO_DATE('21-May-22 01:30 PM', 'DD-MON-YYYY HH:MI AM'), 'M00001', 'H0011');
insert into schedule  (schedule_id, showtime, endtime, movie_id, hall_id) values ('X000000292', TO_DATE('24-May-22 02:00 PM', 'DD-MON-YYYY HH:MI AM'), TO_DATE('24-May-22 04:30 PM', 'DD-MON-YYYY HH:MI AM'), 'M00002', 'H0012');
insert into schedule  (schedule_id, showtime, endtime, movie_id, hall_id) values ('X000000293', TO_DATE('27-May-22 05:00 PM', 'DD-MON-YYYY HH:MI AM'), TO_DATE('27-May-22 07:30 PM', 'DD-MON-YYYY HH:MI AM'), 'M00003', 'H0013');
insert into schedule  (schedule_id, showtime, endtime, movie_id, hall_id) values ('X000000294', TO_DATE('30-May-22 08:00 PM', 'DD-MON-YYYY HH:MI AM'), TO_DATE('30-May-22 10:30 PM', 'DD-MON-YYYY HH:MI AM'), 'M00004', 'H0014');
insert into schedule  (schedule_id, showtime, endtime, movie_id, hall_id) values ('X000000295', TO_DATE('2-Jun-22 11:00 PM', 'DD-MON-YYYY HH:MI AM'), TO_DATE('2-Jun-22 01:30 AM', 'DD-MON-YYYY HH:MI AM'), 'M00005', 'H0015');
insert into schedule  (schedule_id, showtime, endtime, movie_id, hall_id) values ('X000000296', TO_DATE('5-Jun-22 11:00 AM', 'DD-MON-YYYY HH:MI AM'), TO_DATE('5-Jun-22 01:30 PM', 'DD-MON-YYYY HH:MI AM'), 'M00006', 'H0016');
insert into schedule  (schedule_id, showtime, endtime, movie_id, hall_id) values ('X000000297', TO_DATE('8-Jun-22 02:00 PM', 'DD-MON-YYYY HH:MI AM'), TO_DATE('8-Jun-22 04:30 PM', 'DD-MON-YYYY HH:MI AM'), 'M00007', 'H0017');
insert into schedule  (schedule_id, showtime, endtime, movie_id, hall_id) values ('X000000298', TO_DATE('11-Jun-22 05:00 PM', 'DD-MON-YYYY HH:MI AM'), TO_DATE('11-Jun-22 07:30 PM', 'DD-MON-YYYY HH:MI AM'), 'M00008', 'H0018');
insert into schedule  (schedule_id, showtime, endtime, movie_id, hall_id) values ('X000000299', TO_DATE('14-Jun-22 08:00 PM', 'DD-MON-YYYY HH:MI AM'), TO_DATE('14-Jun-22 10:30 PM', 'DD-MON-YYYY HH:MI AM'), 'M00009', 'H0019');
insert into schedule  (schedule_id, showtime, endtime, movie_id, hall_id) values ('X000000300', TO_DATE('17-Jun-22 11:00 PM', 'DD-MON-YYYY HH:MI AM'), TO_DATE('17-Jun-22 01:30 AM', 'DD-MON-YYYY HH:MI AM'), 'M00010', 'H0020');

insert into seat (seat_id , position, seat_type, hall_id) values ('S000001', 'U96', 'SINGLE', 'H0001');
insert into seat (seat_id , position, seat_type, hall_id) values ('S000002', 'Q63', 'SINGLE', 'H0002');
insert into seat (seat_id , position, seat_type, hall_id) values ('S000003', 'B53', 'SINGLE', 'H0003');
insert into seat (seat_id , position, seat_type, hall_id) values ('S000004', 'W68', 'SINGLE', 'H0004');
insert into seat (seat_id , position, seat_type, hall_id) values ('S000005', 'L44', 'DOUBLE', 'H0005');
insert into seat (seat_id , position, seat_type, hall_id) values ('S000006', 'O44', 'DOUBLE', 'H0006');
insert into seat (seat_id , position, seat_type, hall_id) values ('S000007', 'C76', 'DOUBLE', 'H0007');
insert into seat (seat_id , position, seat_type, hall_id) values ('S000008', 'O25', 'SINGLE', 'H0008');
insert into seat (seat_id , position, seat_type, hall_id) values ('S000009', 'G33', 'SINGLE', 'H0009');
insert into seat (seat_id , position, seat_type, hall_id) values ('S000010', 'D81', 'SINGLE', 'H0010');
insert into seat (seat_id , position, seat_type, hall_id) values ('S000011', 'M56', 'SINGLE', 'H0011');
insert into seat (seat_id , position, seat_type, hall_id) values ('S000012', 'S70', 'DOUBLE', 'H0012');
insert into seat (seat_id , position, seat_type, hall_id) values ('S000013', 'B63', 'SINGLE', 'H0013');
insert into seat (seat_id , position, seat_type, hall_id) values ('S000014', 'K93', 'DOUBLE', 'H0014');
insert into seat (seat_id , position, seat_type, hall_id) values ('S000015', 'L96', 'SINGLE', 'H0015');
insert into seat (seat_id , position, seat_type, hall_id) values ('S000016', 'J81', 'SINGLE', 'H0016');
insert into seat (seat_id , position, seat_type, hall_id) values ('S000017', 'T44', 'SINGLE', 'H0017');
insert into seat (seat_id , position, seat_type, hall_id) values ('S000018', 'T80', 'DOUBLE', 'H0018');
insert into seat (seat_id , position, seat_type, hall_id) values ('S000019', 'Z87', 'SINGLE', 'H0019');
insert into seat (seat_id , position, seat_type, hall_id) values ('S000020', 'J95', 'SINGLE', 'H0020');
insert into seat (seat_id , position, seat_type, hall_id) values ('S000021', 'N97', 'DOUBLE', 'H0021');
insert into seat (seat_id , position, seat_type, hall_id) values ('S000022', 'D61', 'DOUBLE', 'H0022');
insert into seat (seat_id , position, seat_type, hall_id) values ('S000023', 'R68', 'SINGLE', 'H0023');
insert into seat (seat_id , position, seat_type, hall_id) values ('S000024', 'K08', 'DOUBLE', 'H0024');
insert into seat (seat_id , position, seat_type, hall_id) values ('S000025', 'E11', 'DOUBLE', 'H0025');
insert into seat (seat_id , position, seat_type, hall_id) values ('S000026', 'J41', 'DOUBLE', 'H0026');
insert into seat (seat_id , position, seat_type, hall_id) values ('S000027', 'A17', 'DOUBLE', 'H0027');
insert into seat (seat_id , position, seat_type, hall_id) values ('S000028', 'L38', 'DOUBLE', 'H0028');
insert into seat (seat_id , position, seat_type, hall_id) values ('S000029', 'S74', 'DOUBLE', 'H0029');
insert into seat (seat_id , position, seat_type, hall_id) values ('S000030', 'M98', 'DOUBLE', 'H0030');
insert into seat (seat_id , position, seat_type, hall_id) values ('S000031', 'O05', 'SINGLE', 'H0031');
insert into seat (seat_id , position, seat_type, hall_id) values ('S000032', 'F19', 'SINGLE', 'H0032');
insert into seat (seat_id , position, seat_type, hall_id) values ('S000033', 'T21', 'SINGLE', 'H0033');
insert into seat (seat_id , position, seat_type, hall_id) values ('S000034', 'G45', 'DOUBLE', 'H0034');
insert into seat (seat_id , position, seat_type, hall_id) values ('S000035', 'T89', 'DOUBLE', 'H0035');
insert into seat (seat_id , position, seat_type, hall_id) values ('S000036', 'R81', 'SINGLE', 'H0036');
insert into seat (seat_id , position, seat_type, hall_id) values ('S000037', 'X59', 'SINGLE', 'H0037');
insert into seat (seat_id , position, seat_type, hall_id) values ('S000038', 'I60', 'SINGLE', 'H0038');
insert into seat (seat_id , position, seat_type, hall_id) values ('S000039', 'N39', 'DOUBLE', 'H0039');
insert into seat (seat_id , position, seat_type, hall_id) values ('S000040', 'L79', 'SINGLE', 'H0040');
insert into seat (seat_id , position, seat_type, hall_id) values ('S000041', 'B79', 'SINGLE', 'H0001');
insert into seat (seat_id , position, seat_type, hall_id) values ('S000042', 'E97', 'DOUBLE', 'H0002');
insert into seat (seat_id , position, seat_type, hall_id) values ('S000043', 'C53', 'SINGLE', 'H0003');
insert into seat (seat_id , position, seat_type, hall_id) values ('S000044', 'W17', 'SINGLE', 'H0004');
insert into seat (seat_id , position, seat_type, hall_id) values ('S000045', 'P01', 'DOUBLE', 'H0005');
insert into seat (seat_id , position, seat_type, hall_id) values ('S000046', 'T29', 'DOUBLE', 'H0006');
insert into seat (seat_id , position, seat_type, hall_id) values ('S000047', 'Y85', 'DOUBLE', 'H0007');
insert into seat (seat_id , position, seat_type, hall_id) values ('S000048', 'K67', 'DOUBLE', 'H0008');
insert into seat (seat_id , position, seat_type, hall_id) values ('S000049', 'J29', 'SINGLE', 'H0009');
insert into seat (seat_id , position, seat_type, hall_id) values ('S000050', 'N65', 'DOUBLE', 'H0010');
insert into seat (seat_id , position, seat_type, hall_id) values ('S000051', 'I01', 'SINGLE', 'H0011');
insert into seat (seat_id , position, seat_type, hall_id) values ('S000052', 'E35', 'SINGLE', 'H0012');
insert into seat (seat_id , position, seat_type, hall_id) values ('S000053', 'E91', 'DOUBLE', 'H0013');
insert into seat (seat_id , position, seat_type, hall_id) values ('S000054', 'C15', 'SINGLE', 'H0014');
insert into seat (seat_id , position, seat_type, hall_id) values ('S000055', 'L06', 'DOUBLE', 'H0015');
insert into seat (seat_id , position, seat_type, hall_id) values ('S000056', 'C16', 'DOUBLE', 'H0016');
insert into seat (seat_id , position, seat_type, hall_id) values ('S000057', 'X73', 'SINGLE', 'H0017');
insert into seat (seat_id , position, seat_type, hall_id) values ('S000058', 'A71', 'SINGLE', 'H0018');
insert into seat (seat_id , position, seat_type, hall_id) values ('S000059', 'Y89', 'SINGLE', 'H0019');
insert into seat (seat_id , position, seat_type, hall_id) values ('S000060', 'K01', 'SINGLE', 'H0020');
insert into seat (seat_id , position, seat_type, hall_id) values ('S000061', 'X74', 'SINGLE', 'H0021');
insert into seat (seat_id , position, seat_type, hall_id) values ('S000062', 'M01', 'SINGLE', 'H0022');
insert into seat (seat_id , position, seat_type, hall_id) values ('S000063', 'Y21', 'DOUBLE', 'H0023');
insert into seat (seat_id , position, seat_type, hall_id) values ('S000064', 'U59', 'DOUBLE', 'H0024');
insert into seat (seat_id , position, seat_type, hall_id) values ('S000065', 'U83', 'DOUBLE', 'H0025');
insert into seat (seat_id , position, seat_type, hall_id) values ('S000066', 'X23', 'SINGLE', 'H0026');
insert into seat (seat_id , position, seat_type, hall_id) values ('S000067', 'P63', 'DOUBLE', 'H0027');
insert into seat (seat_id , position, seat_type, hall_id) values ('S000068', 'N37', 'SINGLE', 'H0028');
insert into seat (seat_id , position, seat_type, hall_id) values ('S000069', 'I74', 'DOUBLE', 'H0029');
insert into seat (seat_id , position, seat_type, hall_id) values ('S000070', 'H20', 'DOUBLE', 'H0030');
insert into seat (seat_id , position, seat_type, hall_id) values ('S000071', 'P70', 'SINGLE', 'H0031');
insert into seat (seat_id , position, seat_type, hall_id) values ('S000072', 'C35', 'DOUBLE', 'H0032');
insert into seat (seat_id , position, seat_type, hall_id) values ('S000073', 'J37', 'DOUBLE', 'H0033');
insert into seat (seat_id , position, seat_type, hall_id) values ('S000074', 'M74', 'SINGLE', 'H0034');
insert into seat (seat_id , position, seat_type, hall_id) values ('S000075', 'U37', 'DOUBLE', 'H0035');
insert into seat (seat_id , position, seat_type, hall_id) values ('S000076', 'U58', 'DOUBLE', 'H0036');
insert into seat (seat_id , position, seat_type, hall_id) values ('S000077', 'K12', 'DOUBLE', 'H0037');
insert into seat (seat_id , position, seat_type, hall_id) values ('S000078', 'W07', 'DOUBLE', 'H0038');
insert into seat (seat_id , position, seat_type, hall_id) values ('S000079', 'B47', 'SINGLE', 'H0039');
insert into seat (seat_id , position, seat_type, hall_id) values ('S000080', 'A59', 'SINGLE', 'H0040');

insert into schedule_seat (schedule_id, seat_id) values ('X000000001', 'S000001');
insert into schedule_seat (schedule_id, seat_id) values ('X000000002', 'S000002');
insert into schedule_seat (schedule_id, seat_id) values ('X000000003', 'S000003');
insert into schedule_seat (schedule_id, seat_id) values ('X000000004', 'S000004');
insert into schedule_seat (schedule_id, seat_id) values ('X000000005', 'S000005');
insert into schedule_seat (schedule_id, seat_id) values ('X000000006', 'S000006');
insert into schedule_seat (schedule_id, seat_id) values ('X000000007', 'S000007');
insert into schedule_seat (schedule_id, seat_id) values ('X000000008', 'S000008');
insert into schedule_seat (schedule_id, seat_id) values ('X000000009', 'S000009');
insert into schedule_seat (schedule_id, seat_id) values ('X000000010', 'S000010');
insert into schedule_seat (schedule_id, seat_id) values ('X000000011', 'S000011');
insert into schedule_seat (schedule_id, seat_id) values ('X000000012', 'S000012');
insert into schedule_seat (schedule_id, seat_id) values ('X000000013', 'S000013');
insert into schedule_seat (schedule_id, seat_id) values ('X000000014', 'S000014');
insert into schedule_seat (schedule_id, seat_id) values ('X000000015', 'S000015');
insert into schedule_seat (schedule_id, seat_id) values ('X000000016', 'S000016');
insert into schedule_seat (schedule_id, seat_id) values ('X000000017', 'S000017');
insert into schedule_seat (schedule_id, seat_id) values ('X000000018', 'S000018');
insert into schedule_seat (schedule_id, seat_id) values ('X000000019', 'S000019');
insert into schedule_seat (schedule_id, seat_id) values ('X000000020', 'S000020');
insert into schedule_seat (schedule_id, seat_id) values ('X000000021', 'S000021');
insert into schedule_seat (schedule_id, seat_id) values ('X000000022', 'S000022');
insert into schedule_seat (schedule_id, seat_id) values ('X000000023', 'S000023');
insert into schedule_seat (schedule_id, seat_id) values ('X000000024', 'S000024');
insert into schedule_seat (schedule_id, seat_id) values ('X000000025', 'S000025');
insert into schedule_seat (schedule_id, seat_id) values ('X000000026', 'S000026');
insert into schedule_seat (schedule_id, seat_id) values ('X000000027', 'S000027');
insert into schedule_seat (schedule_id, seat_id) values ('X000000028', 'S000028');
insert into schedule_seat (schedule_id, seat_id) values ('X000000029', 'S000029');
insert into schedule_seat (schedule_id, seat_id) values ('X000000030', 'S000030');
insert into schedule_seat (schedule_id, seat_id) values ('X000000031', 'S000031');
insert into schedule_seat (schedule_id, seat_id) values ('X000000032', 'S000032');
insert into schedule_seat (schedule_id, seat_id) values ('X000000033', 'S000033');
insert into schedule_seat (schedule_id, seat_id) values ('X000000034', 'S000034');
insert into schedule_seat (schedule_id, seat_id) values ('X000000035', 'S000035');
insert into schedule_seat (schedule_id, seat_id) values ('X000000036', 'S000036');
insert into schedule_seat (schedule_id, seat_id) values ('X000000037', 'S000037');
insert into schedule_seat (schedule_id, seat_id) values ('X000000038', 'S000038');
insert into schedule_seat (schedule_id, seat_id) values ('X000000039', 'S000039');
insert into schedule_seat (schedule_id, seat_id) values ('X000000040', 'S000040');
insert into schedule_seat (schedule_id, seat_id) values ('X000000041', 'S000041');
insert into schedule_seat (schedule_id, seat_id) values ('X000000042', 'S000042');
insert into schedule_seat (schedule_id, seat_id) values ('X000000043', 'S000043');
insert into schedule_seat (schedule_id, seat_id) values ('X000000044', 'S000044');
insert into schedule_seat (schedule_id, seat_id) values ('X000000045', 'S000045');
insert into schedule_seat (schedule_id, seat_id) values ('X000000046', 'S000046');
insert into schedule_seat (schedule_id, seat_id) values ('X000000047', 'S000047');
insert into schedule_seat (schedule_id, seat_id) values ('X000000048', 'S000048');
insert into schedule_seat (schedule_id, seat_id) values ('X000000049', 'S000049');
insert into schedule_seat (schedule_id, seat_id) values ('X000000050', 'S000050');
insert into schedule_seat (schedule_id, seat_id) values ('X000000051', 'S000051');
insert into schedule_seat (schedule_id, seat_id) values ('X000000052', 'S000052');
insert into schedule_seat (schedule_id, seat_id) values ('X000000053', 'S000053');
insert into schedule_seat (schedule_id, seat_id) values ('X000000054', 'S000054');
insert into schedule_seat (schedule_id, seat_id) values ('X000000055', 'S000055');
insert into schedule_seat (schedule_id, seat_id) values ('X000000056', 'S000056');
insert into schedule_seat (schedule_id, seat_id) values ('X000000057', 'S000057');
insert into schedule_seat (schedule_id, seat_id) values ('X000000058', 'S000058');
insert into schedule_seat (schedule_id, seat_id) values ('X000000059', 'S000059');
insert into schedule_seat (schedule_id, seat_id) values ('X000000060', 'S000060');
insert into schedule_seat (schedule_id, seat_id) values ('X000000061', 'S000061');
insert into schedule_seat (schedule_id, seat_id) values ('X000000062', 'S000062');
insert into schedule_seat (schedule_id, seat_id) values ('X000000063', 'S000063');
insert into schedule_seat (schedule_id, seat_id) values ('X000000064', 'S000064');
insert into schedule_seat (schedule_id, seat_id) values ('X000000065', 'S000065');
insert into schedule_seat (schedule_id, seat_id) values ('X000000066', 'S000066');
insert into schedule_seat (schedule_id, seat_id) values ('X000000067', 'S000067');
insert into schedule_seat (schedule_id, seat_id) values ('X000000068', 'S000068');
insert into schedule_seat (schedule_id, seat_id) values ('X000000069', 'S000069');
insert into schedule_seat (schedule_id, seat_id) values ('X000000070', 'S000070');
insert into schedule_seat (schedule_id, seat_id) values ('X000000071', 'S000071');
insert into schedule_seat (schedule_id, seat_id) values ('X000000072', 'S000072');
insert into schedule_seat (schedule_id, seat_id) values ('X000000073', 'S000073');
insert into schedule_seat (schedule_id, seat_id) values ('X000000074', 'S000074');
insert into schedule_seat (schedule_id, seat_id) values ('X000000075', 'S000075');
insert into schedule_seat (schedule_id, seat_id) values ('X000000076', 'S000076');
insert into schedule_seat (schedule_id, seat_id) values ('X000000077', 'S000077');
insert into schedule_seat (schedule_id, seat_id) values ('X000000078', 'S000078');
insert into schedule_seat (schedule_id, seat_id) values ('X000000079', 'S000079');
insert into schedule_seat (schedule_id, seat_id) values ('X000000080', 'S000080');
insert into schedule_seat (schedule_id, seat_id) values ('X000000081', 'S000001');
insert into schedule_seat (schedule_id, seat_id) values ('X000000082', 'S000002');
insert into schedule_seat (schedule_id, seat_id) values ('X000000083', 'S000003');
insert into schedule_seat (schedule_id, seat_id) values ('X000000084', 'S000004');
insert into schedule_seat (schedule_id, seat_id) values ('X000000085', 'S000005');
insert into schedule_seat (schedule_id, seat_id) values ('X000000086', 'S000006');
insert into schedule_seat (schedule_id, seat_id) values ('X000000087', 'S000007');
insert into schedule_seat (schedule_id, seat_id) values ('X000000088', 'S000008');
insert into schedule_seat (schedule_id, seat_id) values ('X000000089', 'S000009');
insert into schedule_seat (schedule_id, seat_id) values ('X000000090', 'S000010');
insert into schedule_seat (schedule_id, seat_id) values ('X000000091', 'S000011');
insert into schedule_seat (schedule_id, seat_id) values ('X000000092', 'S000012');
insert into schedule_seat (schedule_id, seat_id) values ('X000000093', 'S000013');
insert into schedule_seat (schedule_id, seat_id) values ('X000000094', 'S000014');
insert into schedule_seat (schedule_id, seat_id) values ('X000000095', 'S000015');
insert into schedule_seat (schedule_id, seat_id) values ('X000000096', 'S000016');
insert into schedule_seat (schedule_id, seat_id) values ('X000000097', 'S000017');
insert into schedule_seat (schedule_id, seat_id) values ('X000000098', 'S000018');
insert into schedule_seat (schedule_id, seat_id) values ('X000000099', 'S000019');
insert into schedule_seat (schedule_id, seat_id) values ('X000000100', 'S000020');
insert into schedule_seat (schedule_id, seat_id) values ('X000000101', 'S000021');
insert into schedule_seat (schedule_id, seat_id) values ('X000000102', 'S000022');
insert into schedule_seat (schedule_id, seat_id) values ('X000000103', 'S000023');
insert into schedule_seat (schedule_id, seat_id) values ('X000000104', 'S000024');
insert into schedule_seat (schedule_id, seat_id) values ('X000000105', 'S000025');
insert into schedule_seat (schedule_id, seat_id) values ('X000000106', 'S000026');
insert into schedule_seat (schedule_id, seat_id) values ('X000000107', 'S000027');
insert into schedule_seat (schedule_id, seat_id) values ('X000000108', 'S000028');
insert into schedule_seat (schedule_id, seat_id) values ('X000000109', 'S000029');
insert into schedule_seat (schedule_id, seat_id) values ('X000000110', 'S000030');
insert into schedule_seat (schedule_id, seat_id) values ('X000000111', 'S000031');
insert into schedule_seat (schedule_id, seat_id) values ('X000000112', 'S000032');
insert into schedule_seat (schedule_id, seat_id) values ('X000000113', 'S000033');
insert into schedule_seat (schedule_id, seat_id) values ('X000000114', 'S000034');
insert into schedule_seat (schedule_id, seat_id) values ('X000000115', 'S000035');
insert into schedule_seat (schedule_id, seat_id) values ('X000000116', 'S000036');
insert into schedule_seat (schedule_id, seat_id) values ('X000000117', 'S000037');
insert into schedule_seat (schedule_id, seat_id) values ('X000000118', 'S000038');
insert into schedule_seat (schedule_id, seat_id) values ('X000000119', 'S000039');
insert into schedule_seat (schedule_id, seat_id) values ('X000000120', 'S000040');
insert into schedule_seat (schedule_id, seat_id) values ('X000000121', 'S000041');
insert into schedule_seat (schedule_id, seat_id) values ('X000000122', 'S000042');
insert into schedule_seat (schedule_id, seat_id) values ('X000000123', 'S000043');
insert into schedule_seat (schedule_id, seat_id) values ('X000000124', 'S000044');
insert into schedule_seat (schedule_id, seat_id) values ('X000000125', 'S000045');
insert into schedule_seat (schedule_id, seat_id) values ('X000000126', 'S000046');
insert into schedule_seat (schedule_id, seat_id) values ('X000000127', 'S000047');
insert into schedule_seat (schedule_id, seat_id) values ('X000000128', 'S000048');
insert into schedule_seat (schedule_id, seat_id) values ('X000000129', 'S000049');
insert into schedule_seat (schedule_id, seat_id) values ('X000000130', 'S000050');
insert into schedule_seat (schedule_id, seat_id) values ('X000000131', 'S000051');
insert into schedule_seat (schedule_id, seat_id) values ('X000000132', 'S000052');
insert into schedule_seat (schedule_id, seat_id) values ('X000000133', 'S000053');
insert into schedule_seat (schedule_id, seat_id) values ('X000000134', 'S000054');
insert into schedule_seat (schedule_id, seat_id) values ('X000000135', 'S000055');
insert into schedule_seat (schedule_id, seat_id) values ('X000000136', 'S000056');
insert into schedule_seat (schedule_id, seat_id) values ('X000000137', 'S000057');
insert into schedule_seat (schedule_id, seat_id) values ('X000000138', 'S000058');
insert into schedule_seat (schedule_id, seat_id) values ('X000000139', 'S000059');
insert into schedule_seat (schedule_id, seat_id) values ('X000000140', 'S000060');
insert into schedule_seat (schedule_id, seat_id) values ('X000000141', 'S000061');
insert into schedule_seat (schedule_id, seat_id) values ('X000000142', 'S000062');
insert into schedule_seat (schedule_id, seat_id) values ('X000000143', 'S000063');
insert into schedule_seat (schedule_id, seat_id) values ('X000000144', 'S000064');
insert into schedule_seat (schedule_id, seat_id) values ('X000000145', 'S000065');
insert into schedule_seat (schedule_id, seat_id) values ('X000000146', 'S000066');
insert into schedule_seat (schedule_id, seat_id) values ('X000000147', 'S000067');
insert into schedule_seat (schedule_id, seat_id) values ('X000000148', 'S000068');
insert into schedule_seat (schedule_id, seat_id) values ('X000000149', 'S000069');
insert into schedule_seat (schedule_id, seat_id) values ('X000000150', 'S000070');
insert into schedule_seat (schedule_id, seat_id) values ('X000000151', 'S000071');
insert into schedule_seat (schedule_id, seat_id) values ('X000000152', 'S000072');
insert into schedule_seat (schedule_id, seat_id) values ('X000000153', 'S000073');
insert into schedule_seat (schedule_id, seat_id) values ('X000000154', 'S000074');
insert into schedule_seat (schedule_id, seat_id) values ('X000000155', 'S000075');
insert into schedule_seat (schedule_id, seat_id) values ('X000000156', 'S000076');
insert into schedule_seat (schedule_id, seat_id) values ('X000000157', 'S000077');
insert into schedule_seat (schedule_id, seat_id) values ('X000000158', 'S000078');
insert into schedule_seat (schedule_id, seat_id) values ('X000000159', 'S000079');
insert into schedule_seat (schedule_id, seat_id) values ('X000000160', 'S000080');
insert into schedule_seat (schedule_id, seat_id) values ('X000000161', 'S000001');
insert into schedule_seat (schedule_id, seat_id) values ('X000000162', 'S000002');
insert into schedule_seat (schedule_id, seat_id) values ('X000000163', 'S000003');
insert into schedule_seat (schedule_id, seat_id) values ('X000000164', 'S000004');
insert into schedule_seat (schedule_id, seat_id) values ('X000000165', 'S000005');
insert into schedule_seat (schedule_id, seat_id) values ('X000000166', 'S000006');
insert into schedule_seat (schedule_id, seat_id) values ('X000000167', 'S000007');
insert into schedule_seat (schedule_id, seat_id) values ('X000000168', 'S000008');
insert into schedule_seat (schedule_id, seat_id) values ('X000000169', 'S000009');
insert into schedule_seat (schedule_id, seat_id) values ('X000000170', 'S000010');
insert into schedule_seat (schedule_id, seat_id) values ('X000000171', 'S000011');
insert into schedule_seat (schedule_id, seat_id) values ('X000000172', 'S000012');
insert into schedule_seat (schedule_id, seat_id) values ('X000000173', 'S000013');
insert into schedule_seat (schedule_id, seat_id) values ('X000000174', 'S000014');
insert into schedule_seat (schedule_id, seat_id) values ('X000000175', 'S000015');
insert into schedule_seat (schedule_id, seat_id) values ('X000000176', 'S000016');
insert into schedule_seat (schedule_id, seat_id) values ('X000000177', 'S000017');
insert into schedule_seat (schedule_id, seat_id) values ('X000000178', 'S000018');
insert into schedule_seat (schedule_id, seat_id) values ('X000000179', 'S000019');
insert into schedule_seat (schedule_id, seat_id) values ('X000000180', 'S000020');
insert into schedule_seat (schedule_id, seat_id) values ('X000000181', 'S000021');
insert into schedule_seat (schedule_id, seat_id) values ('X000000182', 'S000022');
insert into schedule_seat (schedule_id, seat_id) values ('X000000183', 'S000023');
insert into schedule_seat (schedule_id, seat_id) values ('X000000184', 'S000024');
insert into schedule_seat (schedule_id, seat_id) values ('X000000185', 'S000025');
insert into schedule_seat (schedule_id, seat_id) values ('X000000186', 'S000026');
insert into schedule_seat (schedule_id, seat_id) values ('X000000187', 'S000027');
insert into schedule_seat (schedule_id, seat_id) values ('X000000188', 'S000028');
insert into schedule_seat (schedule_id, seat_id) values ('X000000189', 'S000029');
insert into schedule_seat (schedule_id, seat_id) values ('X000000190', 'S000030');
insert into schedule_seat (schedule_id, seat_id) values ('X000000191', 'S000031');
insert into schedule_seat (schedule_id, seat_id) values ('X000000192', 'S000032');
insert into schedule_seat (schedule_id, seat_id) values ('X000000193', 'S000033');
insert into schedule_seat (schedule_id, seat_id) values ('X000000194', 'S000034');
insert into schedule_seat (schedule_id, seat_id) values ('X000000195', 'S000035');
insert into schedule_seat (schedule_id, seat_id) values ('X000000196', 'S000036');
insert into schedule_seat (schedule_id, seat_id) values ('X000000197', 'S000037');
insert into schedule_seat (schedule_id, seat_id) values ('X000000198', 'S000038');
insert into schedule_seat (schedule_id, seat_id) values ('X000000199', 'S000039');
insert into schedule_seat (schedule_id, seat_id) values ('X000000200', 'S000040');
insert into schedule_seat (schedule_id, seat_id) values ('X000000201', 'S000041');
insert into schedule_seat (schedule_id, seat_id) values ('X000000202', 'S000042');
insert into schedule_seat (schedule_id, seat_id) values ('X000000203', 'S000043');
insert into schedule_seat (schedule_id, seat_id) values ('X000000204', 'S000044');
insert into schedule_seat (schedule_id, seat_id) values ('X000000205', 'S000045');
insert into schedule_seat (schedule_id, seat_id) values ('X000000206', 'S000046');
insert into schedule_seat (schedule_id, seat_id) values ('X000000207', 'S000047');
insert into schedule_seat (schedule_id, seat_id) values ('X000000208', 'S000048');
insert into schedule_seat (schedule_id, seat_id) values ('X000000209', 'S000049');
insert into schedule_seat (schedule_id, seat_id) values ('X000000210', 'S000050');
insert into schedule_seat (schedule_id, seat_id) values ('X000000211', 'S000051');
insert into schedule_seat (schedule_id, seat_id) values ('X000000212', 'S000052');
insert into schedule_seat (schedule_id, seat_id) values ('X000000213', 'S000053');
insert into schedule_seat (schedule_id, seat_id) values ('X000000214', 'S000054');
insert into schedule_seat (schedule_id, seat_id) values ('X000000215', 'S000055');
insert into schedule_seat (schedule_id, seat_id) values ('X000000216', 'S000056');
insert into schedule_seat (schedule_id, seat_id) values ('X000000217', 'S000057');
insert into schedule_seat (schedule_id, seat_id) values ('X000000218', 'S000058');
insert into schedule_seat (schedule_id, seat_id) values ('X000000219', 'S000059');
insert into schedule_seat (schedule_id, seat_id) values ('X000000220', 'S000060');
insert into schedule_seat (schedule_id, seat_id) values ('X000000221', 'S000061');
insert into schedule_seat (schedule_id, seat_id) values ('X000000222', 'S000062');
insert into schedule_seat (schedule_id, seat_id) values ('X000000223', 'S000063');
insert into schedule_seat (schedule_id, seat_id) values ('X000000224', 'S000064');
insert into schedule_seat (schedule_id, seat_id) values ('X000000225', 'S000065');
insert into schedule_seat (schedule_id, seat_id) values ('X000000226', 'S000066');
insert into schedule_seat (schedule_id, seat_id) values ('X000000227', 'S000067');
insert into schedule_seat (schedule_id, seat_id) values ('X000000228', 'S000068');
insert into schedule_seat (schedule_id, seat_id) values ('X000000229', 'S000069');
insert into schedule_seat (schedule_id, seat_id) values ('X000000230', 'S000070');
insert into schedule_seat (schedule_id, seat_id) values ('X000000231', 'S000071');
insert into schedule_seat (schedule_id, seat_id) values ('X000000232', 'S000072');
insert into schedule_seat (schedule_id, seat_id) values ('X000000233', 'S000073');
insert into schedule_seat (schedule_id, seat_id) values ('X000000234', 'S000074');
insert into schedule_seat (schedule_id, seat_id) values ('X000000235', 'S000075');
insert into schedule_seat (schedule_id, seat_id) values ('X000000236', 'S000076');
insert into schedule_seat (schedule_id, seat_id) values ('X000000237', 'S000077');
insert into schedule_seat (schedule_id, seat_id) values ('X000000238', 'S000078');
insert into schedule_seat (schedule_id, seat_id) values ('X000000239', 'S000079');
insert into schedule_seat (schedule_id, seat_id) values ('X000000240', 'S000080');
insert into schedule_seat (schedule_id, seat_id) values ('X000000241', 'S000001');
insert into schedule_seat (schedule_id, seat_id) values ('X000000242', 'S000002');
insert into schedule_seat (schedule_id, seat_id) values ('X000000243', 'S000003');
insert into schedule_seat (schedule_id, seat_id) values ('X000000244', 'S000004');
insert into schedule_seat (schedule_id, seat_id) values ('X000000245', 'S000005');
insert into schedule_seat (schedule_id, seat_id) values ('X000000246', 'S000006');
insert into schedule_seat (schedule_id, seat_id) values ('X000000247', 'S000007');
insert into schedule_seat (schedule_id, seat_id) values ('X000000248', 'S000008');
insert into schedule_seat (schedule_id, seat_id) values ('X000000249', 'S000009');
insert into schedule_seat (schedule_id, seat_id) values ('X000000250', 'S000010');
insert into schedule_seat (schedule_id, seat_id) values ('X000000251', 'S000011');
insert into schedule_seat (schedule_id, seat_id) values ('X000000252', 'S000012');
insert into schedule_seat (schedule_id, seat_id) values ('X000000253', 'S000013');
insert into schedule_seat (schedule_id, seat_id) values ('X000000254', 'S000014');
insert into schedule_seat (schedule_id, seat_id) values ('X000000255', 'S000015');
insert into schedule_seat (schedule_id, seat_id) values ('X000000256', 'S000016');
insert into schedule_seat (schedule_id, seat_id) values ('X000000257', 'S000017');
insert into schedule_seat (schedule_id, seat_id) values ('X000000258', 'S000018');
insert into schedule_seat (schedule_id, seat_id) values ('X000000259', 'S000019');
insert into schedule_seat (schedule_id, seat_id) values ('X000000260', 'S000020');
insert into schedule_seat (schedule_id, seat_id) values ('X000000261', 'S000021');
insert into schedule_seat (schedule_id, seat_id) values ('X000000262', 'S000022');
insert into schedule_seat (schedule_id, seat_id) values ('X000000263', 'S000023');
insert into schedule_seat (schedule_id, seat_id) values ('X000000264', 'S000024');
insert into schedule_seat (schedule_id, seat_id) values ('X000000265', 'S000025');
insert into schedule_seat (schedule_id, seat_id) values ('X000000266', 'S000026');
insert into schedule_seat (schedule_id, seat_id) values ('X000000267', 'S000027');
insert into schedule_seat (schedule_id, seat_id) values ('X000000268', 'S000028');
insert into schedule_seat (schedule_id, seat_id) values ('X000000269', 'S000029');
insert into schedule_seat (schedule_id, seat_id) values ('X000000270', 'S000030');
insert into schedule_seat (schedule_id, seat_id) values ('X000000271', 'S000031');
insert into schedule_seat (schedule_id, seat_id) values ('X000000272', 'S000032');
insert into schedule_seat (schedule_id, seat_id) values ('X000000273', 'S000033');
insert into schedule_seat (schedule_id, seat_id) values ('X000000274', 'S000034');
insert into schedule_seat (schedule_id, seat_id) values ('X000000275', 'S000035');
insert into schedule_seat (schedule_id, seat_id) values ('X000000276', 'S000036');
insert into schedule_seat (schedule_id, seat_id) values ('X000000277', 'S000037');
insert into schedule_seat (schedule_id, seat_id) values ('X000000278', 'S000038');
insert into schedule_seat (schedule_id, seat_id) values ('X000000279', 'S000039');
insert into schedule_seat (schedule_id, seat_id) values ('X000000280', 'S000040');
insert into schedule_seat (schedule_id, seat_id) values ('X000000281', 'S000041');
insert into schedule_seat (schedule_id, seat_id) values ('X000000282', 'S000042');
insert into schedule_seat (schedule_id, seat_id) values ('X000000283', 'S000043');
insert into schedule_seat (schedule_id, seat_id) values ('X000000284', 'S000044');
insert into schedule_seat (schedule_id, seat_id) values ('X000000285', 'S000045');
insert into schedule_seat (schedule_id, seat_id) values ('X000000286', 'S000046');
insert into schedule_seat (schedule_id, seat_id) values ('X000000287', 'S000047');
insert into schedule_seat (schedule_id, seat_id) values ('X000000288', 'S000048');
insert into schedule_seat (schedule_id, seat_id) values ('X000000289', 'S000049');
insert into schedule_seat (schedule_id, seat_id) values ('X000000290', 'S000050');
insert into schedule_seat (schedule_id, seat_id) values ('X000000291', 'S000051');
insert into schedule_seat (schedule_id, seat_id) values ('X000000292', 'S000052');
insert into schedule_seat (schedule_id, seat_id) values ('X000000293', 'S000053');
insert into schedule_seat (schedule_id, seat_id) values ('X000000294', 'S000054');
insert into schedule_seat (schedule_id, seat_id) values ('X000000295', 'S000055');
insert into schedule_seat (schedule_id, seat_id) values ('X000000296', 'S000056');
insert into schedule_seat (schedule_id, seat_id) values ('X000000297', 'S000057');
insert into schedule_seat (schedule_id, seat_id) values ('X000000298', 'S000058');
insert into schedule_seat (schedule_id, seat_id) values ('X000000299', 'S000059');
insert into schedule_seat (schedule_id, seat_id) values ('X000000300', 'S000060');
insert into schedule_seat (schedule_id, seat_id) values ('X000000001', 'S000041');
insert into schedule_seat (schedule_id, seat_id) values ('X000000002', 'S000042');
insert into schedule_seat (schedule_id, seat_id) values ('X000000003', 'S000043');
insert into schedule_seat (schedule_id, seat_id) values ('X000000004', 'S000044');
insert into schedule_seat (schedule_id, seat_id) values ('X000000005', 'S000045');
insert into schedule_seat (schedule_id, seat_id) values ('X000000006', 'S000046');
insert into schedule_seat (schedule_id, seat_id) values ('X000000007', 'S000047');
insert into schedule_seat (schedule_id, seat_id) values ('X000000008', 'S000048');
insert into schedule_seat (schedule_id, seat_id) values ('X000000009', 'S000049');
insert into schedule_seat (schedule_id, seat_id) values ('X000000010', 'S000050');
insert into schedule_seat (schedule_id, seat_id) values ('X000000011', 'S000051');
insert into schedule_seat (schedule_id, seat_id) values ('X000000012', 'S000052');
insert into schedule_seat (schedule_id, seat_id) values ('X000000013', 'S000053');
insert into schedule_seat (schedule_id, seat_id) values ('X000000014', 'S000054');
insert into schedule_seat (schedule_id, seat_id) values ('X000000015', 'S000055');
insert into schedule_seat (schedule_id, seat_id) values ('X000000016', 'S000056');
insert into schedule_seat (schedule_id, seat_id) values ('X000000017', 'S000057');
insert into schedule_seat (schedule_id, seat_id) values ('X000000018', 'S000058');
insert into schedule_seat (schedule_id, seat_id) values ('X000000019', 'S000059');
insert into schedule_seat (schedule_id, seat_id) values ('X000000020', 'S000060');
insert into schedule_seat (schedule_id, seat_id) values ('X000000021', 'S000061');
insert into schedule_seat (schedule_id, seat_id) values ('X000000022', 'S000062');
insert into schedule_seat (schedule_id, seat_id) values ('X000000023', 'S000063');
insert into schedule_seat (schedule_id, seat_id) values ('X000000024', 'S000064');
insert into schedule_seat (schedule_id, seat_id) values ('X000000025', 'S000065');
insert into schedule_seat (schedule_id, seat_id) values ('X000000026', 'S000066');
insert into schedule_seat (schedule_id, seat_id) values ('X000000027', 'S000067');
insert into schedule_seat (schedule_id, seat_id) values ('X000000028', 'S000068');
insert into schedule_seat (schedule_id, seat_id) values ('X000000029', 'S000069');
insert into schedule_seat (schedule_id, seat_id) values ('X000000030', 'S000070');
insert into schedule_seat (schedule_id, seat_id) values ('X000000031', 'S000071');
insert into schedule_seat (schedule_id, seat_id) values ('X000000032', 'S000072');
insert into schedule_seat (schedule_id, seat_id) values ('X000000033', 'S000073');
insert into schedule_seat (schedule_id, seat_id) values ('X000000034', 'S000074');
insert into schedule_seat (schedule_id, seat_id) values ('X000000035', 'S000075');
insert into schedule_seat (schedule_id, seat_id) values ('X000000036', 'S000076');
insert into schedule_seat (schedule_id, seat_id) values ('X000000037', 'S000077');
insert into schedule_seat (schedule_id, seat_id) values ('X000000038', 'S000078');
insert into schedule_seat (schedule_id, seat_id) values ('X000000039', 'S000079');
insert into schedule_seat (schedule_id, seat_id) values ('X000000040', 'S000080');
insert into schedule_seat (schedule_id, seat_id) values ('X000000041', 'S000001');
insert into schedule_seat (schedule_id, seat_id) values ('X000000042', 'S000002');
insert into schedule_seat (schedule_id, seat_id) values ('X000000043', 'S000003');
insert into schedule_seat (schedule_id, seat_id) values ('X000000044', 'S000004');
insert into schedule_seat (schedule_id, seat_id) values ('X000000045', 'S000005');
insert into schedule_seat (schedule_id, seat_id) values ('X000000046', 'S000006');
insert into schedule_seat (schedule_id, seat_id) values ('X000000047', 'S000007');
insert into schedule_seat (schedule_id, seat_id) values ('X000000048', 'S000008');
insert into schedule_seat (schedule_id, seat_id) values ('X000000049', 'S000009');
insert into schedule_seat (schedule_id, seat_id) values ('X000000050', 'S000010');
insert into schedule_seat (schedule_id, seat_id) values ('X000000051', 'S000011');
insert into schedule_seat (schedule_id, seat_id) values ('X000000052', 'S000012');
insert into schedule_seat (schedule_id, seat_id) values ('X000000053', 'S000013');
insert into schedule_seat (schedule_id, seat_id) values ('X000000054', 'S000014');
insert into schedule_seat (schedule_id, seat_id) values ('X000000055', 'S000015');
insert into schedule_seat (schedule_id, seat_id) values ('X000000056', 'S000016');
insert into schedule_seat (schedule_id, seat_id) values ('X000000057', 'S000017');
insert into schedule_seat (schedule_id, seat_id) values ('X000000058', 'S000018');
insert into schedule_seat (schedule_id, seat_id) values ('X000000059', 'S000019');
insert into schedule_seat (schedule_id, seat_id) values ('X000000060', 'S000020');
insert into schedule_seat (schedule_id, seat_id) values ('X000000061', 'S000021');
insert into schedule_seat (schedule_id, seat_id) values ('X000000062', 'S000022');
insert into schedule_seat (schedule_id, seat_id) values ('X000000063', 'S000023');
insert into schedule_seat (schedule_id, seat_id) values ('X000000064', 'S000024');
insert into schedule_seat (schedule_id, seat_id) values ('X000000065', 'S000025');
insert into schedule_seat (schedule_id, seat_id) values ('X000000066', 'S000026');
insert into schedule_seat (schedule_id, seat_id) values ('X000000067', 'S000027');
insert into schedule_seat (schedule_id, seat_id) values ('X000000068', 'S000028');
insert into schedule_seat (schedule_id, seat_id) values ('X000000069', 'S000029');
insert into schedule_seat (schedule_id, seat_id) values ('X000000070', 'S000030');
insert into schedule_seat (schedule_id, seat_id) values ('X000000071', 'S000031');
insert into schedule_seat (schedule_id, seat_id) values ('X000000072', 'S000032');
insert into schedule_seat (schedule_id, seat_id) values ('X000000073', 'S000033');
insert into schedule_seat (schedule_id, seat_id) values ('X000000074', 'S000034');
insert into schedule_seat (schedule_id, seat_id) values ('X000000075', 'S000035');
insert into schedule_seat (schedule_id, seat_id) values ('X000000076', 'S000036');
insert into schedule_seat (schedule_id, seat_id) values ('X000000077', 'S000037');
insert into schedule_seat (schedule_id, seat_id) values ('X000000078', 'S000038');
insert into schedule_seat (schedule_id, seat_id) values ('X000000079', 'S000039');
insert into schedule_seat (schedule_id, seat_id) values ('X000000080', 'S000040');

insert into customer (customer_id, name, gender, email, phone, password, membership) values ('C000000001', 'Kesley Beaney', 'M', 'kbeaney0@github.io', '016-03906617', '3gHXe02x', 'NO');
insert into customer (customer_id, name, gender, email, phone, password, membership) values ('C000000002', 'Fran Diboll', 'F', 'fdiboll1@1688.com', '010-08460042', '8pIB1Y8k', 'NO');
insert into customer (customer_id, name, gender, email, phone, password, membership) values ('C000000003', 'Eliza Philippeaux', 'F', 'ephilippeaux2@facebook.com', '014-11109627', '8dPGyW3d', 'VIP');
insert into customer (customer_id, name, gender, email, phone, password, membership) values ('C000000004', 'Roz Briztman', 'M', 'rbriztman3@ed.gov', '012-13522469', '3xZFrZ2f', 'VIP');
insert into customer (customer_id, name, gender, email, phone, password, membership) values ('C000000005', 'Ilene Rudwell', 'M', 'irudwell4@sina.com.cn', '011-90477853', '7wMUbQ7g', 'YES');
insert into customer (customer_id, name, gender, email, phone, password, membership) values ('C000000006', 'Norbie Droogan', 'M', 'ndroogan5@ucoz.ru', '013-77024217', '0zWCjI5u', 'YES');
insert into customer (customer_id, name, gender, email, phone, password, membership) values ('C000000007', 'Hillary Spencock', 'M', 'hspencock6@meetup.com', '018-47945502', '8zL0r87b', 'VIP');
insert into customer (customer_id, name, gender, email, phone, password, membership) values ('C000000008', 'Erhard Stocks', 'F', 'estocks7@oracle.com', '016-34840056', '2dBp5X0h', 'VIP');
insert into customer (customer_id, name, gender, email, phone, password, membership) values ('C000000009', 'Martainn Avramovitz', 'F', 'mavramovitz8@statcounter.com', '016-43112944', '3aFxvY2j', 'YES');
insert into customer (customer_id, name, gender, email, phone, password, membership) values ('C000000010', 'Kristyn Normanville', 'F', 'knormanville9@webs.com', '010-57465500', '0kQX8Y7d', 'VIP');

insert into item (item_id, name, price, stock, minimum_stock, branch_id) values ('I0001', 'CHIPS',11.32,828,49, 'B001');
insert into item (item_id, name, price, stock, minimum_stock, branch_id) values ('I0002', 'SKITTLES',13.01,911,93, 'B002');
insert into item (item_id, name, price, stock, minimum_stock, branch_id) values ('I0003', 'HOT DOGS',13.55,235,22, 'B003');
insert into item (item_id, name, price, stock, minimum_stock, branch_id) values ('I0004', 'POPCORN',12.23,864,92, 'B004');
insert into item (item_id, name, price, stock, minimum_stock, branch_id) values ('I0005', 'PIZZA',10.44,513,66, 'B005');
insert into item (item_id, name, price, stock, minimum_stock, branch_id) values ('I0006', 'NACHOS',10.13,1052,98, 'B006');
insert into item (item_id, name, price, stock, minimum_stock, branch_id) values ('I0007', 'PRETZELS',16.12,396,47, 'B007');
insert into item (item_id, name, price, stock, minimum_stock, branch_id) values ('I0008', 'COCA COLA',12.6,1124,71, 'B008');
insert into item (item_id, name, price, stock, minimum_stock, branch_id) values ('I0009', 'MAGNUM ICE CREAM',19.23,385,22, 'B009');
insert into item (item_id, name, price, stock, minimum_stock, branch_id) values ('I0010', 'CHEESE BURGER',13.16,652,67, 'B010');
insert into item (item_id, name, price, stock, minimum_stock, branch_id) values ('I0011', 'KEREPEK',12.25,1021,22, 'B011');
insert into item (item_id, name, price, stock, minimum_stock, branch_id) values ('I0012', 'TWISTIES',16.7,490,20, 'B012');
insert into item (item_id, name, price, stock, minimum_stock, branch_id) values ('I0013', 'COFFEE BUN',18.26,207,37, 'B013');
insert into item (item_id, name, price, stock, minimum_stock, branch_id) values ('I0014', 'PEPSI',17.61,989,32, 'B014');
insert into item (item_id, name, price, stock, minimum_stock, branch_id) values ('I0015', 'TWISTER',19.58,960,78, 'B015');
insert into item (item_id, name, price, stock, minimum_stock, branch_id) values ('I0016', 'ORANGE JUICE',10.39,376,67, 'B016');
insert into item (item_id, name, price, stock, minimum_stock, branch_id) values ('I0017', 'SPRITE',11.69,241,61, 'B017');
insert into item (item_id, name, price, stock, minimum_stock, branch_id) values ('I0018', '7UP',10.26,899,71, 'B018');
insert into item (item_id, name, price, stock, minimum_stock, branch_id) values ('I0019', 'FANTA ORANGE',14.58,1176,38, 'B019');
insert into item (item_id, name, price, stock, minimum_stock, branch_id) values ('I0020', 'FANTA LIME',16.81,637,94, 'B020');
insert into item (item_id, name, price, stock, minimum_stock, branch_id) values ('I0021', 'FANTA LIME',14.42,846,90, 'B001');
insert into item (item_id, name, price, stock, minimum_stock, branch_id) values ('I0022', 'CHIPS',16.56,1175,87, 'B002');
insert into item (item_id, name, price, stock, minimum_stock, branch_id) values ('I0023', 'SKITTLES',19.97,542,84, 'B003');
insert into item (item_id, name, price, stock, minimum_stock, branch_id) values ('I0024', 'HOT DOGS',13.21,759,64, 'B004');
insert into item (item_id, name, price, stock, minimum_stock, branch_id) values ('I0025', 'POPCORN',12.83,1081,80, 'B005');
insert into item (item_id, name, price, stock, minimum_stock, branch_id) values ('I0026', 'PIZZA',12.02,1058,41, 'B006');
insert into item (item_id, name, price, stock, minimum_stock, branch_id) values ('I0027', 'NACHOS',19.06,587,38, 'B007');
insert into item (item_id, name, price, stock, minimum_stock, branch_id) values ('I0028', 'PRETZELS',18.86,306,100, 'B008');
insert into item (item_id, name, price, stock, minimum_stock, branch_id) values ('I0029', 'COCA COLA',15.34,1052,70, 'B009');
insert into item (item_id, name, price, stock, minimum_stock, branch_id) values ('I0030', 'MAGNUM ICE CREAM',12.96,1047,69, 'B010');
insert into item (item_id, name, price, stock, minimum_stock, branch_id) values ('I0031', 'CHEESE BURGER',10.72,342,31, 'B011');
insert into item (item_id, name, price, stock, minimum_stock, branch_id) values ('I0032', 'KEREPEK',13.55,947,83, 'B012');
insert into item (item_id, name, price, stock, minimum_stock, branch_id) values ('I0033', 'TWISTIES',19.95,424,65, 'B013');
insert into item (item_id, name, price, stock, minimum_stock, branch_id) values ('I0034', 'COFFEE BUN',10.1,782,54, 'B014');
insert into item (item_id, name, price, stock, minimum_stock, branch_id) values ('I0035', 'PEPSI',19.46,1053,75, 'B015');
insert into item (item_id, name, price, stock, minimum_stock, branch_id) values ('I0036', 'TWISTER',12.27,673,73, 'B016');
insert into item (item_id, name, price, stock, minimum_stock, branch_id) values ('I0037', 'ORANGE JUICE',18.19,439,78, 'B017');
insert into item (item_id, name, price, stock, minimum_stock, branch_id) values ('I0038', 'SPRITE',18.04,1117,77, 'B018');
insert into item (item_id, name, price, stock, minimum_stock, branch_id) values ('I0039', '7UP',16.87,906,45, 'B019');
insert into item (item_id, name, price, stock, minimum_stock, branch_id) values ('I0040', 'FANTA ORANGE',15.24,767,89, 'B020');
insert into item (item_id, name, price, stock, minimum_stock, branch_id) values ('I0041', 'FANTA STRAWBERRY',12.27,947,83, 'B001');
insert into item (item_id, name, price, stock, minimum_stock, branch_id) values ('I0042', 'FANTA BLUEBERRY',18.19,424,65, 'B002');
insert into item (item_id, name, price, stock, minimum_stock, branch_id) values ('I0043', 'FANTA LIME',18.04,782,54, 'B003');
insert into item (item_id, name, price, stock, minimum_stock, branch_id) values ('I0044', 'FANTA LEMON',16.87,1053,75, 'B004');
insert into item (item_id, name, price, stock, minimum_stock, branch_id) values ('I0045', 'FANTA MANGO',15.24,673,73, 'B005');
insert into item (item_id, name, price, stock, minimum_stock, branch_id) values ('I0046', 'FANTA GINGER',12.27,439,78, 'B006');
insert into item (item_id, name, price, stock, minimum_stock, branch_id) values ('I0047', 'TWISTIES',18.19,1117,77, 'B007');
insert into item (item_id, name, price, stock, minimum_stock, branch_id) values ('I0048', 'CHOCO BREAD',18.04,906,45, 'B008');
insert into item (item_id, name, price, stock, minimum_stock, branch_id) values ('I0049', 'JAM BREAD',16.87,767,89, 'B009');
insert into item (item_id, name, price, stock, minimum_stock, branch_id) values ('I0050', 'BUTTER BREAD',15.24,947,83, 'B010');
insert into item (item_id, name, price, stock, minimum_stock, branch_id) values ('I0051', 'CORN BREAD',12.27,424,65, 'B011');
insert into item (item_id, name, price, stock, minimum_stock, branch_id) values ('I0052', 'RAISIN BREAD',18.19,782,54, 'B012');
insert into item (item_id, name, price, stock, minimum_stock, branch_id) values ('I0053', 'HONEY POPCORN',18.04,1053,75, 'B013');
insert into item (item_id, name, price, stock, minimum_stock, branch_id) values ('I0054', 'SPECIAL SAUSAGE',16.87,673,73, 'B014');
insert into item (item_id, name, price, stock, minimum_stock, branch_id) values ('I0055', 'BURGER TOWER',15.24,439,78, 'B015');
insert into item (item_id, name, price, stock, minimum_stock, branch_id) values ('I0056', 'BURGER POWER',12.27,1117,77, 'B016');
insert into item (item_id, name, price, stock, minimum_stock, branch_id) values ('I0057', 'BURGER DOUBLE',18.19,906,45, 'B017');
insert into item (item_id, name, price, stock, minimum_stock, branch_id) values ('I0058', 'BURGER AWESOME',18.04,767,89, 'B018');
insert into item (item_id, name, price, stock, minimum_stock, branch_id) values ('I0059', 'BERGEDIL',16.87,947,45, 'B019');
insert into item (item_id, name, price, stock, minimum_stock, branch_id) values ('I0060', 'BREAD',15.24,424,89, 'B020');
insert into item (item_id, name, price, stock, minimum_stock, branch_id) values ('I0061', 'CHIPS', 13.2, 600,87, 'B010');
insert into item (item_id, name, price, stock, minimum_stock, branch_id) values ('I0062', 'SKITTLES', 12.24, 500,84, 'B011');
insert into item (item_id, name, price, stock, minimum_stock, branch_id) values ('I0063', 'HOT DOGS', 10.21, 400,64, 'B012');
insert into item (item_id, name, price, stock, minimum_stock, branch_id) values ('I0064', 'POPCORN', 14.2, 700,80, 'B013');
insert into item (item_id, name, price, stock, minimum_stock, branch_id) values ('I0065', 'PIZZA', 13.14, 1000,41, 'B014');
insert into item (item_id, name, price, stock, minimum_stock, branch_id) values ('I0066', 'BURGER AWESOME', 13.14, 300,41, 'B013');
insert into item (item_id, name, price, stock, minimum_stock, branch_id) values ('I0067', 'BERGEDIL', 13.14, 400,41, 'B013');
insert into item (item_id, name, price, stock, minimum_stock, branch_id) values ('I0068', 'BREAD', 13.14, 500,41, 'B013');

insert into payment (payment_id, payment_date, discount, tax, bank_name, card_no, bank_transaction_no, status, customer_id) values ('P00000000001', TO_DATE('1-Jan-2015 06:01 AM', 'DD-MON-YYYY HH:MI AM'), 0.15, 0.05, 'HSBC BANK', '9944-3090-4543-1137', 'ZUQKF88994X9R6', 'PROCESSING', 'C000000001');
insert into payment (payment_id, payment_date, discount, tax, bank_name, card_no, bank_transaction_no, status, customer_id) values ('P00000000002', TO_DATE('11-Jan-2015 07:02 AM', 'DD-MON-YYYY HH:MI AM'), 0.05, 0.05, 'HSBC BANK', '9388-8064-1191-5243', 'WWDBW07698B7E4', 'COMPLETED', 'C000000002');
insert into payment (payment_id, payment_date, discount, tax, bank_name, card_no, bank_transaction_no, status, customer_id) values ('P00000000003', TO_DATE('21-Jan-2015 08:03 AM', 'DD-MON-YYYY HH:MI AM'), 0.05, 0.05, 'BANK ISLAM', '4323-8758-1296-3985', 'UXZDG04848I9S4', 'PROCESSING', 'C000000003');
insert into payment (payment_id, payment_date, discount, tax, bank_name, card_no, bank_transaction_no, status, customer_id) values ('P00000000004', TO_DATE('31-Jan-2015 09:04 AM', 'DD-MON-YYYY HH:MI AM'), 0.1, 0.05, 'MUAMALAT', '0895-5547-3673-1058', 'EEWFC95754D2V4', 'COMPLETED', 'C000000004');
insert into payment (payment_id, payment_date, discount, tax, bank_name, card_no, bank_transaction_no, status, customer_id) values ('P00000000005', TO_DATE('10-Feb-2015 10:05 AM', 'DD-MON-YYYY HH:MI AM'), 0.1, 0.05, 'BANK ISLAM', '5605-2057-3315-1648', 'XQAWU48616X8D7', 'REJECTED', 'C000000005');
insert into payment (payment_id, payment_date, discount, tax, bank_name, card_no, bank_transaction_no, status, customer_id) values ('P00000000006', TO_DATE('20-Feb-2015 11:06 AM', 'DD-MON-YYYY HH:MI AM'), 0.15, 0.05, 'ALLIANCE BANK', '4924-4546-1277-8322', 'JYUWT46654M5L4', 'REJECTED', 'C000000006');
insert into payment (payment_id, payment_date, discount, tax, bank_name, card_no, bank_transaction_no, status, customer_id) values ('P00000000007', TO_DATE('2-Mar-2015 12:07 PM', 'DD-MON-YYYY HH:MI AM'), 0.2, 0.05, 'STANDARD CHARTERED BANK', '9150-7028-4867-9266', 'LPWJP09113F4A4', 'REJECTED', 'C000000007');
insert into payment (payment_id, payment_date, discount, tax, bank_name, card_no, bank_transaction_no, status, customer_id) values ('P00000000008', TO_DATE('12-Mar-2015 01:08 PM', 'DD-MON-YYYY HH:MI AM'), 0.1, 0.05, 'BANK RAKYAT', '8020-0603-5536-5735', 'AXIUE17890B3V2', 'COMPLETED', 'C000000008');
insert into payment (payment_id, payment_date, discount, tax, bank_name, card_no, bank_transaction_no, status, customer_id) values ('P00000000009', TO_DATE('22-Mar-2015 02:09 PM', 'DD-MON-YYYY HH:MI AM'), 0.2, 0.05, 'RHB BANK', '2570-3464-8330-3956', 'VUVXF48560O6A5', 'COMPLETED', 'C000000009');
insert into payment (payment_id, payment_date, discount, tax, bank_name, card_no, bank_transaction_no, status, customer_id) values ('P00000000010', TO_DATE('1-Apr-2015 03:10 PM', 'DD-MON-YYYY HH:MI AM'), 0.15, 0.05, 'UOB BANK', '1916-8104-7373-7328', 'PHYPT44516L1U9', 'PROCESSING', 'C000000010');
insert into payment (payment_id, payment_date, discount, tax, bank_name, card_no, bank_transaction_no, status, customer_id) values ('P00000000011', TO_DATE('11-Apr-2015 04:11 PM', 'DD-MON-YYYY HH:MI AM'), 0.15, 0.05, 'MAYBANK', '6942-3507-4442-8756', 'JACMA56749A8M9', 'REJECTED', 'C000000001');
insert into payment (payment_id, payment_date, discount, tax, bank_name, card_no, bank_transaction_no, status, customer_id) values ('P00000000012', TO_DATE('21-Apr-2015 05:12 PM', 'DD-MON-YYYY HH:MI AM'), 0.05, 0.05, 'BANK SIMPANAN NASIONAL', '8920-1407-7727-8722', 'RCLDD92183G1F9', 'REJECTED', 'C000000002');
insert into payment (payment_id, payment_date, discount, tax, bank_name, card_no, bank_transaction_no, status, customer_id) values ('P00000000013', TO_DATE('1-May-2015 06:13 PM', 'DD-MON-YYYY HH:MI AM'), 0.05, 0.05, 'BANK ISLAM', '4432-2840-7491-8504', 'MZDQW05628V3A7', 'PROCESSING', 'C000000003');
insert into payment (payment_id, payment_date, discount, tax, bank_name, card_no, bank_transaction_no, status, customer_id) values ('P00000000014', TO_DATE('11-May-2015 07:14 PM', 'DD-MON-YYYY HH:MI AM'), 0.1, 0.05, 'BANK SIMPANAN NASIONAL', '7412-6234-7358-2045', 'VVXAG68571C7R4', 'COMPLETED', 'C000000004');
insert into payment (payment_id, payment_date, discount, tax, bank_name, card_no, bank_transaction_no, status, customer_id) values ('P00000000015', TO_DATE('21-May-2015 08:15 PM', 'DD-MON-YYYY HH:MI AM'), 0.05, 0.05, 'AFFIN BANK', '0506-1531-8147-1538', 'BOBID94445Z7N8', 'PROCESSING', 'C000000005');
insert into payment (payment_id, payment_date, discount, tax, bank_name, card_no, bank_transaction_no, status, customer_id) values ('P00000000016', TO_DATE('31-May-2015 09:16 PM', 'DD-MON-YYYY HH:MI AM'), 0.15, 0.05, 'UOB BANK', '5498-9936-6504-8779', 'ICLQG93894Q5H9', 'COMPLETED', 'C000000006');
insert into payment (payment_id, payment_date, discount, tax, bank_name, card_no, bank_transaction_no, status, customer_id) values ('P00000000017', TO_DATE('10-Jun-2015 10:17 PM', 'DD-MON-YYYY HH:MI AM'), 0.15, 0.05, 'BANK RAKYAT', '7209-1580-4914-8829', 'IYPDU50849J6M9', 'REJECTED', 'C000000007');
insert into payment (payment_id, payment_date, discount, tax, bank_name, card_no, bank_transaction_no, status, customer_id) values ('P00000000018', TO_DATE('20-Jun-2015 11:18 PM', 'DD-MON-YYYY HH:MI AM'), 0.2, 0.05, 'AMBANK', '5250-9114-5426-8293', 'BQGLD97475K5F6', 'PROCESSING', 'C000000008');
insert into payment (payment_id, payment_date, discount, tax, bank_name, card_no, bank_transaction_no, status, customer_id) values ('P00000000019', TO_DATE('30-Jun-2015 12:19 AM', 'DD-MON-YYYY HH:MI AM'), 0.2, 0.05, 'BANK ISLAM', '8583-7436-7662-8563', 'RDOHC86344J3J6', 'PROCESSING', 'C000000009');
insert into payment (payment_id, payment_date, discount, tax, bank_name, card_no, bank_transaction_no, status, customer_id) values ('P00000000020', TO_DATE('10-Jul-2015 01:20 AM', 'DD-MON-YYYY HH:MI AM'), 0.1, 0.05, 'OCBC BANK', '3288-8836-3421-7421', 'GHOMV50311T9I2', 'REJECTED', 'C000000010');
insert into payment (payment_id, payment_date, discount, tax, bank_name, card_no, bank_transaction_no, status, customer_id) values ('P00000000021', TO_DATE('20-Jul-2015 02:21 AM', 'DD-MON-YYYY HH:MI AM'), 0.1, 0.05, 'BANK RAKYAT', '1964-3332-0758-9508', 'RHXXG21109S4D2', 'REJECTED', 'C000000001');
insert into payment (payment_id, payment_date, discount, tax, bank_name, card_no, bank_transaction_no, status, customer_id) values ('P00000000022', TO_DATE('30-Jul-2015 03:22 AM', 'DD-MON-YYYY HH:MI AM'), 0.2, 0.05, 'OCBC BANK', '5490-1531-1295-1162', 'HGDGM74850C8J2', 'COMPLETED', 'C000000002');
insert into payment (payment_id, payment_date, discount, tax, bank_name, card_no, bank_transaction_no, status, customer_id) values ('P00000000023', TO_DATE('9-Aug-2015 04:23 AM', 'DD-MON-YYYY HH:MI AM'), 0.2, 0.05, 'AFFIN BANK', '4458-5870-3493-9027', 'KHNCT85910Z8Z3', 'PROCESSING', 'C000000003');
insert into payment (payment_id, payment_date, discount, tax, bank_name, card_no, bank_transaction_no, status, customer_id) values ('P00000000024', TO_DATE('19-Aug-2015 05:24 AM', 'DD-MON-YYYY HH:MI AM'), 0.05, 0.05, 'BANK SIMPANAN NASIONAL', '3445-5453-2264-8458', 'YQEQR31185I3H0', 'REJECTED', 'C000000004');
insert into payment (payment_id, payment_date, discount, tax, bank_name, card_no, bank_transaction_no, status, customer_id) values ('P00000000025', TO_DATE('29-Aug-2015 06:25 AM', 'DD-MON-YYYY HH:MI AM'), 0.05, 0.05, 'MAYBANK', '3244-8872-5306-0221', 'LVVHG88388C6R9', 'REJECTED', 'C000000005');
insert into payment (payment_id, payment_date, discount, tax, bank_name, card_no, bank_transaction_no, status, customer_id) values ('P00000000026', TO_DATE('8-Sep-2015 07:26 AM', 'DD-MON-YYYY HH:MI AM'), 0.15, 0.05, 'BANK SIMPANAN NASIONAL', '4500-9840-6596-9139', 'OZKIU90731Q4F3', 'COMPLETED', 'C000000006');
insert into payment (payment_id, payment_date, discount, tax, bank_name, card_no, bank_transaction_no, status, customer_id) values ('P00000000027', TO_DATE('18-Sep-2015 08:27 AM', 'DD-MON-YYYY HH:MI AM'), 0.05, 0.05, 'MUAMALAT', '1827-2324-7430-6053', 'OHPPB43415R7B4', 'REJECTED', 'C000000007');
insert into payment (payment_id, payment_date, discount, tax, bank_name, card_no, bank_transaction_no, status, customer_id) values ('P00000000028', TO_DATE('28-Sep-2015 09:28 AM', 'DD-MON-YYYY HH:MI AM'), 0.15, 0.05, 'CIMB BANK', '0052-0867-0584-4373', 'KLLVE30457K6Q8', 'REJECTED', 'C000000008');
insert into payment (payment_id, payment_date, discount, tax, bank_name, card_no, bank_transaction_no, status, customer_id) values ('P00000000029', TO_DATE('8-Oct-2015 10:29 AM', 'DD-MON-YYYY HH:MI AM'), 0.2, 0.05, 'MUAMALAT', '9041-8253-9853-1081', 'QBGVR90572G3O5', 'COMPLETED', 'C000000009');
insert into payment (payment_id, payment_date, discount, tax, bank_name, card_no, bank_transaction_no, status, customer_id) values ('P00000000030', TO_DATE('18-Oct-2015 11:30 AM', 'DD-MON-YYYY HH:MI AM'), 0.05, 0.05, 'OCBC BANK', '9872-7985-4701-6973', 'EWOUA17884N3Z4', 'PROCESSING', 'C000000010');
insert into payment (payment_id, payment_date, discount, tax, bank_name, card_no, bank_transaction_no, status, customer_id) values ('P00000000031', TO_DATE('28-Oct-2015 12:31 PM', 'DD-MON-YYYY HH:MI AM'), 0.05, 0.05, 'PUBLIC BANK', '8030-1242-7098-3961', 'HEGEJ02735Q4U4', 'REJECTED', 'C000000001');
insert into payment (payment_id, payment_date, discount, tax, bank_name, card_no, bank_transaction_no, status, customer_id) values ('P00000000032', TO_DATE('7-Nov-2015 01:32 PM', 'DD-MON-YYYY HH:MI AM'), 0.2, 0.05, 'AMBANK', '5932-7591-4577-5101', 'YWEJB92120C7A6', 'PROCESSING', 'C000000002');
insert into payment (payment_id, payment_date, discount, tax, bank_name, card_no, bank_transaction_no, status, customer_id) values ('P00000000033', TO_DATE('17-Nov-2015 02:33 PM', 'DD-MON-YYYY HH:MI AM'), 0.05, 0.05, 'RHB BANK', '2614-3969-7900-6088', 'FTOSN87367B8U0', 'PROCESSING', 'C000000003');
insert into payment (payment_id, payment_date, discount, tax, bank_name, card_no, bank_transaction_no, status, customer_id) values ('P00000000034', TO_DATE('27-Nov-2015 03:34 PM', 'DD-MON-YYYY HH:MI AM'), 0.1, 0.05, 'MAYBANK', '0801-1072-9436-6761', 'LWUZY44806K3D0', 'REJECTED', 'C000000004');
insert into payment (payment_id, payment_date, discount, tax, bank_name, card_no, bank_transaction_no, status, customer_id) values ('P00000000035', TO_DATE('7-Dec-2015 04:35 PM', 'DD-MON-YYYY HH:MI AM'), 0.15, 0.05, 'BANK ISLAM', '0186-1253-3510-6133', 'RIVFS14592M5S5', 'PROCESSING', 'C000000005');
insert into payment (payment_id, payment_date, discount, tax, bank_name, card_no, bank_transaction_no, status, customer_id) values ('P00000000036', TO_DATE('17-Dec-2015 05:36 PM', 'DD-MON-YYYY HH:MI AM'), 0.05, 0.05, 'BANK SIMPANAN NASIONAL', '8690-6195-7494-4809', 'XCHAO76102S5Z4', 'REJECTED', 'C000000006');
insert into payment (payment_id, payment_date, discount, tax, bank_name, card_no, bank_transaction_no, status, customer_id) values ('P00000000037', TO_DATE('27-Dec-2015 06:37 PM', 'DD-MON-YYYY HH:MI AM'), 0.1, 0.05, 'AMBANK', '6064-2527-7685-8728', 'AYICM98476U4I1', 'COMPLETED', 'C000000007');
insert into payment (payment_id, payment_date, discount, tax, bank_name, card_no, bank_transaction_no, status, customer_id) values ('P00000000038', TO_DATE('6-Jan-2016 07:38 PM', 'DD-MON-YYYY HH:MI AM'), 0.2, 0.05, 'BANK SIMPANAN NASIONAL', '1221-0157-7217-6232', 'PZOJF49587V3R6', 'REJECTED', 'C000000008');
insert into payment (payment_id, payment_date, discount, tax, bank_name, card_no, bank_transaction_no, status, customer_id) values ('P00000000039', TO_DATE('16-Jan-2016 08:39 PM', 'DD-MON-YYYY HH:MI AM'), 0.2, 0.05, 'MAYBANK', '8345-0951-2528-0735', 'YRZEO82004O2F9', 'PROCESSING', 'C000000009');
insert into payment (payment_id, payment_date, discount, tax, bank_name, card_no, bank_transaction_no, status, customer_id) values ('P00000000040', TO_DATE('26-Jan-2016 09:40 PM', 'DD-MON-YYYY HH:MI AM'), 0.1, 0.05, 'OCBC BANK', '6078-7976-7008-5387', 'TGTDM67385E6H6', 'PROCESSING', 'C000000010');
insert into payment (payment_id, payment_date, discount, tax, bank_name, card_no, bank_transaction_no, status, customer_id) values ('P00000000041', TO_DATE('5-Feb-2016 10:41 PM', 'DD-MON-YYYY HH:MI AM'), 0.05, 0.05, 'MUAMALAT', '9251-5231-1219-1626', 'MTDBW00206G9O1', 'REJECTED', 'C000000001');
insert into payment (payment_id, payment_date, discount, tax, bank_name, card_no, bank_transaction_no, status, customer_id) values ('P00000000042', TO_DATE('15-Feb-2016 11:42 PM', 'DD-MON-YYYY HH:MI AM'), 0.15, 0.05, 'MUAMALAT', '0197-0710-7481-9541', 'GYACD07744H5C5', 'REJECTED', 'C000000002');
insert into payment (payment_id, payment_date, discount, tax, bank_name, card_no, bank_transaction_no, status, customer_id) values ('P00000000043', TO_DATE('25-Feb-2016 12:43 AM', 'DD-MON-YYYY HH:MI AM'), 0.2, 0.05, 'BANK RAKYAT', '7511-1688-8882-0058', 'ULQZD31629Y1W6', 'REJECTED', 'C000000003');
insert into payment (payment_id, payment_date, discount, tax, bank_name, card_no, bank_transaction_no, status, customer_id) values ('P00000000044', TO_DATE('6-Mar-2016 01:44 AM', 'DD-MON-YYYY HH:MI AM'), 0.15, 0.05, 'MUAMALAT', '7828-8841-8533-8117', 'HGQQN31944I3M2', 'COMPLETED', 'C000000004');
insert into payment (payment_id, payment_date, discount, tax, bank_name, card_no, bank_transaction_no, status, customer_id) values ('P00000000045', TO_DATE('16-Mar-2016 02:45 AM', 'DD-MON-YYYY HH:MI AM'), 0.2, 0.05, 'HONG LEONG BANK', '6611-6729-2860-2603', 'RVEUQ16357P1N4', 'COMPLETED', 'C000000005');
insert into payment (payment_id, payment_date, discount, tax, bank_name, card_no, bank_transaction_no, status, customer_id) values ('P00000000046', TO_DATE('26-Mar-2016 03:46 AM', 'DD-MON-YYYY HH:MI AM'), 0.1, 0.05, 'BANK ISLAM', '1477-1189-5363-7192', 'OCZBA11540W8R1', 'PROCESSING', 'C000000006');
insert into payment (payment_id, payment_date, discount, tax, bank_name, card_no, bank_transaction_no, status, customer_id) values ('P00000000047', TO_DATE('5-Apr-2016 04:47 AM', 'DD-MON-YYYY HH:MI AM'), 0.15, 0.05, 'CIMB BANK', '9806-3086-3640-3098', 'PAXUV22981Q9E7', 'COMPLETED', 'C000000007');
insert into payment (payment_id, payment_date, discount, tax, bank_name, card_no, bank_transaction_no, status, customer_id) values ('P00000000048', TO_DATE('15-Apr-2016 05:48 AM', 'DD-MON-YYYY HH:MI AM'), 0.1, 0.05, 'CIMB BANK', '6099-7079-0198-5722', 'ETZEA57967N6W8', 'PROCESSING', 'C000000008');
insert into payment (payment_id, payment_date, discount, tax, bank_name, card_no, bank_transaction_no, status, customer_id) values ('P00000000049', TO_DATE('25-Apr-2016 06:49 AM', 'DD-MON-YYYY HH:MI AM'), 0.15, 0.05, 'BANK RAKYAT', '2952-2950-4622-7961', 'QRMCQ67202E4T9', 'PROCESSING', 'C000000009');
insert into payment (payment_id, payment_date, discount, tax, bank_name, card_no, bank_transaction_no, status, customer_id) values ('P00000000050', TO_DATE('5-May-2016 07:50 AM', 'DD-MON-YYYY HH:MI AM'), 0.2, 0.05, 'ALLIANCE BANK', '3385-2304-8561-2286', 'QFATW24361G8O5', 'REJECTED', 'C000000010');
insert into payment (payment_id, payment_date, discount, tax, bank_name, card_no, bank_transaction_no, status, customer_id) values ('P00000000051', TO_DATE('15-May-2016 08:51 AM', 'DD-MON-YYYY HH:MI AM'), 0.15, 0.05, 'PUBLIC BANK', '4766-9308-6655-3867', 'HJRRV28312X0I5', 'REJECTED', 'C000000001');
insert into payment (payment_id, payment_date, discount, tax, bank_name, card_no, bank_transaction_no, status, customer_id) values ('P00000000052', TO_DATE('25-May-2016 09:52 AM', 'DD-MON-YYYY HH:MI AM'), 0.05, 0.05, 'HONG LEONG BANK', '4068-7191-2121-7265', 'KZEYF19389T7X1', 'PROCESSING', 'C000000002');
insert into payment (payment_id, payment_date, discount, tax, bank_name, card_no, bank_transaction_no, status, customer_id) values ('P00000000053', TO_DATE('4-Jun-2016 10:53 AM', 'DD-MON-YYYY HH:MI AM'), 0.2, 0.05, 'AFFIN BANK', '1064-5635-3631-7443', 'CWZDL26643I4K9', 'PROCESSING', 'C000000003');
insert into payment (payment_id, payment_date, discount, tax, bank_name, card_no, bank_transaction_no, status, customer_id) values ('P00000000054', TO_DATE('14-Jun-2016 11:54 AM', 'DD-MON-YYYY HH:MI AM'), 0.05, 0.05, 'HONG LEONG BANK', '6219-9960-1438-3309', 'WXDGL47597G0N0', 'COMPLETED', 'C000000004');
insert into payment (payment_id, payment_date, discount, tax, bank_name, card_no, bank_transaction_no, status, customer_id) values ('P00000000055', TO_DATE('24-Jun-2016 12:55 PM', 'DD-MON-YYYY HH:MI AM'), 0.15, 0.05, 'AMBANK', '1027-2486-6589-7206', 'TTZVU84535K7O1', 'PROCESSING', 'C000000005');
insert into payment (payment_id, payment_date, discount, tax, bank_name, card_no, bank_transaction_no, status, customer_id) values ('P00000000056', TO_DATE('4-Jul-2016 01:56 PM', 'DD-MON-YYYY HH:MI AM'), 0.15, 0.05, 'CIMB BANK', '1606-2108-2832-8658', 'DTUEG30521B2Y8', 'COMPLETED', 'C000000006');
insert into payment (payment_id, payment_date, discount, tax, bank_name, card_no, bank_transaction_no, status, customer_id) values ('P00000000057', TO_DATE('14-Jul-2016 02:57 PM', 'DD-MON-YYYY HH:MI AM'), 0.05, 0.05, 'BANK ISLAM', '6930-4470-9514-9157', 'DPEBU00712B6Q1', 'REJECTED', 'C000000007');
insert into payment (payment_id, payment_date, discount, tax, bank_name, card_no, bank_transaction_no, status, customer_id) values ('P00000000058', TO_DATE('24-Jul-2016 03:58 PM', 'DD-MON-YYYY HH:MI AM'), 0.2, 0.05, 'UOB BANK', '6348-9665-0130-8103', 'ASZGR31557Q5G3', 'REJECTED', 'C000000008');
insert into payment (payment_id, payment_date, discount, tax, bank_name, card_no, bank_transaction_no, status, customer_id) values ('P00000000059', TO_DATE('3-Aug-2016 04:59 PM', 'DD-MON-YYYY HH:MI AM'), 0.1, 0.05, 'HSBC BANK', '9080-9624-9331-0624', 'XNEOP27844P0T4', 'PROCESSING', 'C000000009');
insert into payment (payment_id, payment_date, discount, tax, bank_name, card_no, bank_transaction_no, status, customer_id) values ('P00000000060', TO_DATE('13-Aug-2016 06:01 PM', 'DD-MON-YYYY HH:MI AM'), 0.05, 0.05, 'AMBANK', '6375-1614-1828-1009', 'VDJWD52063R5W1', 'PROCESSING', 'C000000010');
insert into payment (payment_id, payment_date, discount, tax, bank_name, card_no, bank_transaction_no, status, customer_id) values ('P00000000061', TO_DATE('23-Aug-2016 07:02 PM', 'DD-MON-YYYY HH:MI AM'), 0.05, 0.05, 'STANDARD CHARTERED BANK', '8966-5634-7771-0287', 'THHFV62277V4K2', 'COMPLETED', 'C000000001');
insert into payment (payment_id, payment_date, discount, tax, bank_name, card_no, bank_transaction_no, status, customer_id) values ('P00000000062', TO_DATE('2-Sep-2016 08:03 PM', 'DD-MON-YYYY HH:MI AM'), 0.2, 0.05, 'PUBLIC BANK', '3517-5208-1931-5423', 'JUTBL59015M3G9', 'COMPLETED', 'C000000002');
insert into payment (payment_id, payment_date, discount, tax, bank_name, card_no, bank_transaction_no, status, customer_id) values ('P00000000063', TO_DATE('12-Sep-2016 09:04 PM', 'DD-MON-YYYY HH:MI AM'), 0.05, 0.05, 'AMBANK', '1947-4387-5768-1670', 'RYGFH55071U1S0', 'COMPLETED', 'C000000003');
insert into payment (payment_id, payment_date, discount, tax, bank_name, card_no, bank_transaction_no, status, customer_id) values ('P00000000064', TO_DATE('22-Sep-2016 10:05 PM', 'DD-MON-YYYY HH:MI AM'), 0.05, 0.05, 'AFFIN BANK', '9338-4235-3736-7398', 'MDOIF19109X6Y8', 'PROCESSING', 'C000000004');
insert into payment (payment_id, payment_date, discount, tax, bank_name, card_no, bank_transaction_no, status, customer_id) values ('P00000000065', TO_DATE('2-Oct-2016 11:06 PM', 'DD-MON-YYYY HH:MI AM'), 0.05, 0.05, 'BANK ISLAM', '0998-7792-5670-1660', 'VNGNQ68252R9S1', 'COMPLETED', 'C000000005');
insert into payment (payment_id, payment_date, discount, tax, bank_name, card_no, bank_transaction_no, status, customer_id) values ('P00000000066', TO_DATE('12-Oct-2016 12:07 AM', 'DD-MON-YYYY HH:MI AM'), 0.05, 0.05, 'ALLIANCE BANK', '7344-4544-5077-8670', 'ADKNR03487H6G5', 'REJECTED', 'C000000006');
insert into payment (payment_id, payment_date, discount, tax, bank_name, card_no, bank_transaction_no, status, customer_id) values ('P00000000067', TO_DATE('22-Oct-2016 01:08 AM', 'DD-MON-YYYY HH:MI AM'), 0.1, 0.05, 'OCBC BANK', '0040-3716-8331-7226', 'AAHUZ16599P7Q8', 'PROCESSING', 'C000000007');
insert into payment (payment_id, payment_date, discount, tax, bank_name, card_no, bank_transaction_no, status, customer_id) values ('P00000000068', TO_DATE('1-Nov-2016 02:09 AM', 'DD-MON-YYYY HH:MI AM'), 0.2, 0.05, 'BANK RAKYAT', '0064-1594-4497-2986', 'ALHDP61306T3S3', 'PROCESSING', 'C000000008');
insert into payment (payment_id, payment_date, discount, tax, bank_name, card_no, bank_transaction_no, status, customer_id) values ('P00000000069', TO_DATE('11-Nov-2016 03:10 AM', 'DD-MON-YYYY HH:MI AM'), 0.05, 0.05, 'HSBC BANK', '3056-0406-3302-8630', 'NPMHZ70939O8K2', 'COMPLETED', 'C000000009');
insert into payment (payment_id, payment_date, discount, tax, bank_name, card_no, bank_transaction_no, status, customer_id) values ('P00000000070', TO_DATE('21-Nov-2016 04:11 AM', 'DD-MON-YYYY HH:MI AM'), 0.05, 0.05, 'MAYBANK', '0970-7922-7343-8319', 'PJCWH10665V6J9', 'REJECTED', 'C000000010');
insert into payment (payment_id, payment_date, discount, tax, bank_name, card_no, bank_transaction_no, status, customer_id) values ('P00000000071', TO_DATE('1-Dec-2016 05:12 AM', 'DD-MON-YYYY HH:MI AM'), 0.05, 0.05, 'BANK ISLAM', '9521-4685-7356-2217', 'AVTXE77877I1Y6', 'REJECTED', 'C000000001');
insert into payment (payment_id, payment_date, discount, tax, bank_name, card_no, bank_transaction_no, status, customer_id) values ('P00000000072', TO_DATE('11-Dec-2016 06:13 AM', 'DD-MON-YYYY HH:MI AM'), 0.1, 0.05, 'MUAMALAT', '0350-0832-0458-1726', 'IUNZS55856K2N9', 'PROCESSING', 'C000000002');
insert into payment (payment_id, payment_date, discount, tax, bank_name, card_no, bank_transaction_no, status, customer_id) values ('P00000000073', TO_DATE('21-Dec-2016 07:14 AM', 'DD-MON-YYYY HH:MI AM'), 0.2, 0.05, 'HSBC BANK', '4733-2402-0235-8549', 'EUPLW50698N6K6', 'REJECTED', 'C000000003');
insert into payment (payment_id, payment_date, discount, tax, bank_name, card_no, bank_transaction_no, status, customer_id) values ('P00000000074', TO_DATE('31-Dec-2016 08:15 AM', 'DD-MON-YYYY HH:MI AM'), 0.05, 0.05, 'BANK RAKYAT', '7981-5271-3921-0263', 'FIXJJ98646V2C5', 'PROCESSING', 'C000000004');
insert into payment (payment_id, payment_date, discount, tax, bank_name, card_no, bank_transaction_no, status, customer_id) values ('P00000000075', TO_DATE('10-Jan-2017 09:16 AM', 'DD-MON-YYYY HH:MI AM'), 0.1, 0.05, 'STANDARD CHARTERED BANK', '9448-6142-0875-6914', 'UTOYY70753K9W4', 'REJECTED', 'C000000005');
insert into payment (payment_id, payment_date, discount, tax, bank_name, card_no, bank_transaction_no, status, customer_id) values ('P00000000076', TO_DATE('20-Jan-2017 10:17 AM', 'DD-MON-YYYY HH:MI AM'), 0.05, 0.05, 'BANK ISLAM', '5254-7789-9081-8613', 'VHSZA09298H2L0', 'REJECTED', 'C000000006');
insert into payment (payment_id, payment_date, discount, tax, bank_name, card_no, bank_transaction_no, status, customer_id) values ('P00000000077', TO_DATE('30-Jan-2017 11:18 AM', 'DD-MON-YYYY HH:MI AM'), 0.2, 0.05, 'BANK SIMPANAN NASIONAL', '3536-5142-1005-3520', 'JAUUO09584N8F4', 'REJECTED', 'C000000007');
insert into payment (payment_id, payment_date, discount, tax, bank_name, card_no, bank_transaction_no, status, customer_id) values ('P00000000078', TO_DATE('9-Feb-2017 12:19 PM', 'DD-MON-YYYY HH:MI AM'), 0.15, 0.05, 'AMBANK', '9804-5221-1397-3140', 'RKLMQ04033T4I4', 'PROCESSING', 'C000000008');
insert into payment (payment_id, payment_date, discount, tax, bank_name, card_no, bank_transaction_no, status, customer_id) values ('P00000000079', TO_DATE('19-Feb-2017 01:20 PM', 'DD-MON-YYYY HH:MI AM'), 0.05, 0.05, 'HONG LEONG BANK', '3974-4877-1939-1826', 'VRSVE37397N1C3', 'REJECTED', 'C000000009');
insert into payment (payment_id, payment_date, discount, tax, bank_name, card_no, bank_transaction_no, status, customer_id) values ('P00000000080', TO_DATE('1-Mar-2017 02:21 PM', 'DD-MON-YYYY HH:MI AM'), 0.2, 0.05, 'HSBC BANK', '8879-9582-4101-7218', 'KJJEH33816S6O3', 'COMPLETED', 'C000000010');
insert into payment (payment_id, payment_date, discount, tax, bank_name, card_no, bank_transaction_no, status, customer_id) values ('P00000000081', TO_DATE('11-Mar-2017 03:22 PM', 'DD-MON-YYYY HH:MI AM'), 0.05, 0.05, 'AFFIN BANK', '4478-2582-7501-4039', 'LOAVL61232M6E6', 'PROCESSING', 'C000000001');
insert into payment (payment_id, payment_date, discount, tax, bank_name, card_no, bank_transaction_no, status, customer_id) values ('P00000000082', TO_DATE('21-Mar-2017 04:23 PM', 'DD-MON-YYYY HH:MI AM'), 0.1, 0.05, 'STANDARD CHARTERED BANK', '9021-4202-3408-2985', 'CJPSL78719H4Y1', 'PROCESSING', 'C000000002');
insert into payment (payment_id, payment_date, discount, tax, bank_name, card_no, bank_transaction_no, status, customer_id) values ('P00000000083', TO_DATE('31-Mar-2017 05:24 PM', 'DD-MON-YYYY HH:MI AM'), 0.15, 0.05, 'HSBC BANK', '6899-3330-6308-6424', 'BHIRJ61572J8E5', 'PROCESSING', 'C000000003');
insert into payment (payment_id, payment_date, discount, tax, bank_name, card_no, bank_transaction_no, status, customer_id) values ('P00000000084', TO_DATE('10-Apr-2017 06:25 PM', 'DD-MON-YYYY HH:MI AM'), 0.2, 0.05, 'OCBC BANK', '2096-5274-1540-1859', 'NPRDP67672H9S2', 'COMPLETED', 'C000000004');
insert into payment (payment_id, payment_date, discount, tax, bank_name, card_no, bank_transaction_no, status, customer_id) values ('P00000000085', TO_DATE('20-Apr-2017 07:26 PM', 'DD-MON-YYYY HH:MI AM'), 0.1, 0.05, 'ALLIANCE BANK', '7969-7945-5863-2263', 'LBTNI24645R6Y8', 'REJECTED', 'C000000005');
insert into payment (payment_id, payment_date, discount, tax, bank_name, card_no, bank_transaction_no, status, customer_id) values ('P00000000086', TO_DATE('30-Apr-2017 08:27 PM', 'DD-MON-YYYY HH:MI AM'), 0.1, 0.05, 'UOB BANK', '3847-0844-2137-7191', 'MIBHY94358X2I3', 'REJECTED', 'C000000006');
insert into payment (payment_id, payment_date, discount, tax, bank_name, card_no, bank_transaction_no, status, customer_id) values ('P00000000087', TO_DATE('10-May-2017 09:28 PM', 'DD-MON-YYYY HH:MI AM'), 0.2, 0.05, 'AFFIN BANK', '2434-7321-2806-5600', 'YOHUO84671M2J5', 'COMPLETED', 'C000000007');
insert into payment (payment_id, payment_date, discount, tax, bank_name, card_no, bank_transaction_no, status, customer_id) values ('P00000000088', TO_DATE('20-May-2017 10:29 PM', 'DD-MON-YYYY HH:MI AM'), 0.1, 0.05, 'HSBC BANK', '5951-8864-9953-0460', 'LDIRB90156Y8P6', 'REJECTED', 'C000000008');
insert into payment (payment_id, payment_date, discount, tax, bank_name, card_no, bank_transaction_no, status, customer_id) values ('P00000000089', TO_DATE('30-May-2017 11:30 PM', 'DD-MON-YYYY HH:MI AM'), 0.15, 0.05, 'AFFIN BANK', '7955-4505-4738-4870', 'WODYO42714I4F2', 'COMPLETED', 'C000000009');
insert into payment (payment_id, payment_date, discount, tax, bank_name, card_no, bank_transaction_no, status, customer_id) values ('P00000000090', TO_DATE('9-Jun-2017 12:31 AM', 'DD-MON-YYYY HH:MI AM'), 0.05, 0.05, 'RHB BANK', '8117-6654-5534-1116', 'WGVKM41131L1N4', 'REJECTED', 'C000000010');
insert into payment (payment_id, payment_date, discount, tax, bank_name, card_no, bank_transaction_no, status, customer_id) values ('P00000000091', TO_DATE('19-Jun-2017 01:32 AM', 'DD-MON-YYYY HH:MI AM'), 0.05, 0.05, 'OCBC BANK', '5449-7222-4393-0621', 'JKJQP93188U3F5', 'PROCESSING', 'C000000001');
insert into payment (payment_id, payment_date, discount, tax, bank_name, card_no, bank_transaction_no, status, customer_id) values ('P00000000092', TO_DATE('29-Jun-2017 02:33 AM', 'DD-MON-YYYY HH:MI AM'), 0.15, 0.05, 'RHB BANK', '8646-6622-0535-0389', 'CQIFB38414T1F4', 'COMPLETED', 'C000000002');
insert into payment (payment_id, payment_date, discount, tax, bank_name, card_no, bank_transaction_no, status, customer_id) values ('P00000000093', TO_DATE('9-Jul-2017 03:34 AM', 'DD-MON-YYYY HH:MI AM'), 0.05, 0.05, 'ALLIANCE BANK', '5076-6756-9767-4392', 'ALVUT23848D1K2', 'COMPLETED', 'C000000003');
insert into payment (payment_id, payment_date, discount, tax, bank_name, card_no, bank_transaction_no, status, customer_id) values ('P00000000094', TO_DATE('19-Jul-2017 04:35 AM', 'DD-MON-YYYY HH:MI AM'), 0.1, 0.05, 'BANK RAKYAT', '6877-7849-2426-2432', 'HPKNW73579Z8J3', 'REJECTED', 'C000000004');
insert into payment (payment_id, payment_date, discount, tax, bank_name, card_no, bank_transaction_no, status, customer_id) values ('P00000000095', TO_DATE('29-Jul-2017 05:36 AM', 'DD-MON-YYYY HH:MI AM'), 0.2, 0.05, 'CIMB BANK', '3668-1105-2297-1558', 'PGWLI85694E6W9', 'COMPLETED', 'C000000005');
insert into payment (payment_id, payment_date, discount, tax, bank_name, card_no, bank_transaction_no, status, customer_id) values ('P00000000096', TO_DATE('8-Aug-2017 06:37 AM', 'DD-MON-YYYY HH:MI AM'), 0.05, 0.05, 'AMBANK', '1120-9266-8926-3080', 'USBTI29793Y9Z3', 'COMPLETED', 'C000000006');
insert into payment (payment_id, payment_date, discount, tax, bank_name, card_no, bank_transaction_no, status, customer_id) values ('P00000000097', TO_DATE('18-Aug-2017 07:38 AM', 'DD-MON-YYYY HH:MI AM'), 0.05, 0.05, 'ALLIANCE BANK', '2097-8371-0067-9168', 'AXYJA01831O7Y2', 'COMPLETED', 'C000000007');
insert into payment (payment_id, payment_date, discount, tax, bank_name, card_no, bank_transaction_no, status, customer_id) values ('P00000000098', TO_DATE('28-Aug-2017 08:39 AM', 'DD-MON-YYYY HH:MI AM'), 0.2, 0.05, 'HSBC BANK', '5224-7847-3531-4034', 'TKISD95086M2M2', 'PROCESSING', 'C000000008');
insert into payment (payment_id, payment_date, discount, tax, bank_name, card_no, bank_transaction_no, status, customer_id) values ('P00000000099', TO_DATE('7-Sep-2017 09:40 AM', 'DD-MON-YYYY HH:MI AM'), 0.1, 0.05, 'UOB BANK', '7623-1980-3693-0910', 'SRRQD66568U5A9', 'REJECTED', 'C000000009');
insert into payment (payment_id, payment_date, discount, tax, bank_name, card_no, bank_transaction_no, status, customer_id) values ('P00000000100', TO_DATE('17-Sep-2017 10:41 AM', 'DD-MON-YYYY HH:MI AM'), 0.2, 0.05, 'MUAMALAT', '8780-0390-9769-5278', 'XANVL96907Y7E1', 'REJECTED', 'C000000010');
insert into payment (payment_id, payment_date, discount, tax, bank_name, card_no, bank_transaction_no, status, customer_id) values ('P00000000101', TO_DATE('1-Mar-201511:42 AM', 'DD-MON-YYYY HH:MI AM'),0.2,0.05, 'MUAMALAT', '8780-0390-9769-5279', 'XANVL96907Y7E2', 'REJECTED', 'C000000003');
insert into payment (payment_id, payment_date, discount, tax, bank_name, card_no, bank_transaction_no, status, customer_id) values ('P00000000102', TO_DATE('11-Mar-201512:43 PM', 'DD-MON-YYYY HH:MI AM'),0.2,0.05, 'MUAMALAT', '8780-0390-9769-5280', 'XANVL96907Y7E3', 'REJECTED', 'C000000004');
insert into payment (payment_id, payment_date, discount, tax, bank_name, card_no, bank_transaction_no, status, customer_id) values ('P00000000103', TO_DATE('21-Mar-201501:44 PM', 'DD-MON-YYYY HH:MI AM'),0.2,0.05, 'MUAMALAT', '8780-0390-9769-5281', 'XANVL96907Y7E4', 'REJECTED', 'C000000005');
insert into payment (payment_id, payment_date, discount, tax, bank_name, card_no, bank_transaction_no, status, customer_id) values ('P00000000104', TO_DATE('31-Mar-201502:45 PM', 'DD-MON-YYYY HH:MI AM'),0.2,0.05, 'MUAMALAT', '8780-0390-9769-5282', 'XANVL96907Y7E5', 'REJECTED', 'C000000006');
insert into payment (payment_id, payment_date, discount, tax, bank_name, card_no, bank_transaction_no, status, customer_id) values ('P00000000105', TO_DATE('10-Apr-201503:46 PM', 'DD-MON-YYYY HH:MI AM'),0.2,0.05, 'MUAMALAT', '8780-0390-9769-5283', 'XANVL96907Y7E6', 'REJECTED', 'C000000007');
insert into payment (payment_id, payment_date, discount, tax, bank_name, card_no, bank_transaction_no, status, customer_id) values ('P00000000106', TO_DATE('20-Apr-201504:47 PM', 'DD-MON-YYYY HH:MI AM'),0.2,0.05, 'MUAMALAT', '8780-0390-9769-5284', 'XANVL96907Y7E7', 'REJECTED', 'C000000008');
insert into payment (payment_id, payment_date, discount, tax, bank_name, card_no, bank_transaction_no, status, customer_id) values ('P00000000107', TO_DATE('30-Apr-201505:48 PM', 'DD-MON-YYYY HH:MI AM'),0.2,0.05, 'MUAMALAT', '8780-0390-9769-5285', 'XANVL96907Y7E8', 'REJECTED', 'C000000009');
insert into payment (payment_id, payment_date, discount, tax, bank_name, card_no, bank_transaction_no, status, customer_id) values ('P00000000108', TO_DATE('10-May-201506:49 PM', 'DD-MON-YYYY HH:MI AM'),0.2,0.05, 'MUAMALAT', '8780-0390-9769-5286', 'XANVL96907Y7E9', 'REJECTED', 'C000000010');
insert into payment (payment_id, payment_date, discount, tax, bank_name, card_no, bank_transaction_no, status, customer_id) values ('P00000000109', TO_DATE('20-May-201507:50 PM', 'DD-MON-YYYY HH:MI AM'),0.2,0.05, 'MUAMALAT', '8780-0390-9769-5287', 'XANVL96907Y7E10', 'REJECTED', 'C000000002');

'

insert into item_payment (item_id, payment_id, quantity) values ('I0001', 'P00000000001', 92);
insert into item_payment (item_id, payment_id, quantity) values ('I0001', 'P00000000002', 24);
insert into item_payment (item_id, payment_id, quantity) values ('I0002', 'P00000000003', 35);
insert into item_payment (item_id, payment_id, quantity) values ('I0002', 'P00000000004', 18);
insert into item_payment (item_id, payment_id, quantity) values ('I0003', 'P00000000005', 97);
insert into item_payment (item_id, payment_id, quantity) values ('I0003', 'P00000000006', 48);
insert into item_payment (item_id, payment_id, quantity) values ('I0004', 'P00000000007', 91);
insert into item_payment (item_id, payment_id, quantity) values ('I0004', 'P00000000008', 58);
insert into item_payment (item_id, payment_id, quantity) values ('I0005', 'P00000000009', 22);
insert into item_payment (item_id, payment_id, quantity) values ('I0005', 'P00000000010', 49);
insert into item_payment (item_id, payment_id, quantity) values ('I0006', 'P00000000011', 38);
insert into item_payment (item_id, payment_id, quantity) values ('I0006', 'P00000000012', 40);
insert into item_payment (item_id, payment_id, quantity) values ('I0007', 'P00000000013', 19);
insert into item_payment (item_id, payment_id, quantity) values ('I0007', 'P00000000014', 76);
insert into item_payment (item_id, payment_id, quantity) values ('I0008', 'P00000000015', 98);
insert into item_payment (item_id, payment_id, quantity) values ('I0008', 'P00000000016', 16);
insert into item_payment (item_id, payment_id, quantity) values ('I0009', 'P00000000017', 49);
insert into item_payment (item_id, payment_id, quantity) values ('I0009', 'P00000000018', 73);
insert into item_payment (item_id, payment_id, quantity) values ('I0010', 'P00000000019', 76);
insert into item_payment (item_id, payment_id, quantity) values ('I0010', 'P00000000020', 68);
insert into item_payment (item_id, payment_id, quantity) values ('I0011', 'P00000000021', 82);
insert into item_payment (item_id, payment_id, quantity) values ('I0011', 'P00000000022', 52);
insert into item_payment (item_id, payment_id, quantity) values ('I0012', 'P00000000023', 75);
insert into item_payment (item_id, payment_id, quantity) values ('I0012', 'P00000000024', 65);
insert into item_payment (item_id, payment_id, quantity) values ('I0013', 'P00000000025', 23);
insert into item_payment (item_id, payment_id, quantity) values ('I0013', 'P00000000026', 15);
insert into item_payment (item_id, payment_id, quantity) values ('I0014', 'P00000000027', 99);
insert into item_payment (item_id, payment_id, quantity) values ('I0014', 'P00000000028', 48);
insert into item_payment (item_id, payment_id, quantity) values ('I0015', 'P00000000029', 57);
insert into item_payment (item_id, payment_id, quantity) values ('I0015', 'P00000000030', 34);
insert into item_payment (item_id, payment_id, quantity) values ('I0016', 'P00000000031', 88);
insert into item_payment (item_id, payment_id, quantity) values ('I0016', 'P00000000032', 90);
insert into item_payment (item_id, payment_id, quantity) values ('I0017', 'P00000000033', 66);
insert into item_payment (item_id, payment_id, quantity) values ('I0017', 'P00000000034', 65);
insert into item_payment (item_id, payment_id, quantity) values ('I0018', 'P00000000035', 78);
insert into item_payment (item_id, payment_id, quantity) values ('I0018', 'P00000000036', 10);
insert into item_payment (item_id, payment_id, quantity) values ('I0019', 'P00000000037', 14);
insert into item_payment (item_id, payment_id, quantity) values ('I0019', 'P00000000038', 17);
insert into item_payment (item_id, payment_id, quantity) values ('I0020', 'P00000000039', 66);
insert into item_payment (item_id, payment_id, quantity) values ('I0020', 'P00000000040', 13);
insert into item_payment (item_id, payment_id, quantity) values ('I0001', 'P00000000041', 69);
insert into item_payment (item_id, payment_id, quantity) values ('I0001', 'P00000000042', 35);
insert into item_payment (item_id, payment_id, quantity) values ('I0002', 'P00000000043', 23);
insert into item_payment (item_id, payment_id, quantity) values ('I0002', 'P00000000044', 9);
insert into item_payment (item_id, payment_id, quantity) values ('I0003', 'P00000000045', 82);
insert into item_payment (item_id, payment_id, quantity) values ('I0003', 'P00000000046', 56);
insert into item_payment (item_id, payment_id, quantity) values ('I0004', 'P00000000047', 9);
insert into item_payment (item_id, payment_id, quantity) values ('I0004', 'P00000000048', 42);
insert into item_payment (item_id, payment_id, quantity) values ('I0005', 'P00000000049', 66);
insert into item_payment (item_id, payment_id, quantity) values ('I0005', 'P00000000050', 84);
insert into item_payment (item_id, payment_id, quantity) values ('I0005', 'P00000000051', 89);
insert into item_payment (item_id, payment_id, quantity) values ('I0005', 'P00000000052', 19);
insert into item_payment (item_id, payment_id, quantity) values ('I0005', 'P00000000053', 46);
insert into item_payment (item_id, payment_id, quantity) values ('I0005', 'P00000000054', 56);
insert into item_payment (item_id, payment_id, quantity) values ('I0005', 'P00000000055', 99);
insert into item_payment (item_id, payment_id, quantity) values ('I0005', 'P00000000056', 24);
insert into item_payment (item_id, payment_id, quantity) values ('I0005', 'P00000000057', 61);
insert into item_payment (item_id, payment_id, quantity) values ('I0005', 'P00000000058', 55);
insert into item_payment (item_id, payment_id, quantity) values ('I0005', 'P00000000059', 17);
insert into item_payment (item_id, payment_id, quantity) values ('I0005', 'P00000000060', 14);
insert into item_payment (item_id, payment_id, quantity) values ('I0005', 'P00000000061', 8);
insert into item_payment (item_id, payment_id, quantity) values ('I0005', 'P00000000062', 66);
insert into item_payment (item_id, payment_id, quantity) values ('I0005', 'P00000000063', 33);
insert into item_payment (item_id, payment_id, quantity) values ('I0005', 'P00000000064', 47);
insert into item_payment (item_id, payment_id, quantity) values ('I0005', 'P00000000065', 24);
insert into item_payment (item_id, payment_id, quantity) values ('I0005', 'P00000000066', 59);
insert into item_payment (item_id, payment_id, quantity) values ('I0005', 'P00000000067', 26);
insert into item_payment (item_id, payment_id, quantity) values ('I0005', 'P00000000068', 62);
insert into item_payment (item_id, payment_id, quantity) values ('I0005', 'P00000000069', 89);
insert into item_payment (item_id, payment_id, quantity) values ('I0005', 'P00000000070', 18);
insert into item_payment (item_id, payment_id, quantity) values ('I0005', 'P00000000071', 13);
insert into item_payment (item_id, payment_id, quantity) values ('I0005', 'P00000000072', 71);
insert into item_payment (item_id, payment_id, quantity) values ('I0005', 'P00000000073', 13);
insert into item_payment (item_id, payment_id, quantity) values ('I0005', 'P00000000074', 52);
insert into item_payment (item_id, payment_id, quantity) values ('I0005', 'P00000000075', 45);
insert into item_payment (item_id, payment_id, quantity) values ('I0005', 'P00000000076', 57);
insert into item_payment (item_id, payment_id, quantity) values ('I0005', 'P00000000077', 42);
insert into item_payment (item_id, payment_id, quantity) values ('I0005', 'P00000000078', 82);
insert into item_payment (item_id, payment_id, quantity) values ('I0005', 'P00000000079', 36);
insert into item_payment (item_id, payment_id, quantity) values ('I0005', 'P00000000080', 9);
insert into item_payment (item_id, payment_id, quantity) values ('I0005', 'P00000000081', 30);
insert into item_payment (item_id, payment_id, quantity) values ('I0005', 'P00000000082', 37);
insert into item_payment (item_id, payment_id, quantity) values ('I0005', 'P00000000083', 68);
insert into item_payment (item_id, payment_id, quantity) values ('I0005', 'P00000000084', 9);
insert into item_payment (item_id, payment_id, quantity) values ('I0005', 'P00000000085', 51);
insert into item_payment (item_id, payment_id, quantity) values ('I0005', 'P00000000086', 9);
insert into item_payment (item_id, payment_id, quantity) values ('I0005', 'P00000000087', 25);
insert into item_payment (item_id, payment_id, quantity) values ('I0005', 'P00000000088', 68);
insert into item_payment (item_id, payment_id, quantity) values ('I0005', 'P00000000089', 68);
insert into item_payment (item_id, payment_id, quantity) values ('I0005', 'P00000000090', 99);
insert into item_payment (item_id, payment_id, quantity) values ('I0005', 'P00000000091', 59);
insert into item_payment (item_id, payment_id, quantity) values ('I0005', 'P00000000092', 66);
insert into item_payment (item_id, payment_id, quantity) values ('I0005', 'P00000000093', 2);
insert into item_payment (item_id, payment_id, quantity) values ('I0005', 'P00000000094', 14);
insert into item_payment (item_id, payment_id, quantity) values ('I0005', 'P00000000095', 17);
insert into item_payment (item_id, payment_id, quantity) values ('I0005', 'P00000000096', 98);
insert into item_payment (item_id, payment_id, quantity) values ('I0005', 'P00000000097', 39);
insert into item_payment (item_id, payment_id, quantity) values ('I0005', 'P00000000098', 22);
insert into item_payment (item_id, payment_id, quantity) values ('I0005', 'P00000000099', 89);
insert into item_payment (item_id, payment_id, quantity) values ('I0005', 'P00000000100', 53);
insert into item_payment (item_id, payment_id, quantity) values ('I0021', 'P00000000001', 28);
insert into item_payment (item_id, payment_id, quantity) values ('I0021', 'P00000000002', 76);
insert into item_payment (item_id, payment_id, quantity) values ('I0022', 'P00000000003', 92);
insert into item_payment (item_id, payment_id, quantity) values ('I0022', 'P00000000004', 78);
insert into item_payment (item_id, payment_id, quantity) values ('I0023', 'P00000000005', 15);
insert into item_payment (item_id, payment_id, quantity) values ('I0023', 'P00000000006', 14);
insert into item_payment (item_id, payment_id, quantity) values ('I0024', 'P00000000007', 11);
insert into item_payment (item_id, payment_id, quantity) values ('I0024', 'P00000000008', 80);
insert into item_payment (item_id, payment_id, quantity) values ('I0025', 'P00000000009', 21);
insert into item_payment (item_id, payment_id, quantity) values ('I0025', 'P00000000010', 89);
insert into item_payment (item_id, payment_id, quantity) values ('I0026', 'P00000000011', 6);
insert into item_payment (item_id, payment_id, quantity) values ('I0026', 'P00000000012', 16);
insert into item_payment (item_id, payment_id, quantity) values ('I0027', 'P00000000013', 19);
insert into item_payment (item_id, payment_id, quantity) values ('I0027', 'P00000000014', 9);
insert into item_payment (item_id, payment_id, quantity) values ('I0028', 'P00000000015', 2);
insert into item_payment (item_id, payment_id, quantity) values ('I0028', 'P00000000016', 62);
insert into item_payment (item_id, payment_id, quantity) values ('I0029', 'P00000000017', 45);
insert into item_payment (item_id, payment_id, quantity) values ('I0029', 'P00000000018', 89);
insert into item_payment (item_id, payment_id, quantity) values ('I0030', 'P00000000019', 25);
insert into item_payment (item_id, payment_id, quantity) values ('I0030', 'P00000000020', 74);
insert into item_payment (item_id, payment_id, quantity) values ('I0031', 'P00000000021', 79);
insert into item_payment (item_id, payment_id, quantity) values ('I0031', 'P00000000022', 85);
insert into item_payment (item_id, payment_id, quantity) values ('I0032', 'P00000000023', 4);
insert into item_payment (item_id, payment_id, quantity) values ('I0032', 'P00000000024', 12);
insert into item_payment (item_id, payment_id, quantity) values ('I0033', 'P00000000025', 67);
insert into item_payment (item_id, payment_id, quantity) values ('I0033', 'P00000000026', 27);
insert into item_payment (item_id, payment_id, quantity) values ('I0034', 'P00000000027', 3);
insert into item_payment (item_id, payment_id, quantity) values ('I0034', 'P00000000028', 78);
insert into item_payment (item_id, payment_id, quantity) values ('I0035', 'P00000000029', 9);
insert into item_payment (item_id, payment_id, quantity) values ('I0035', 'P00000000030', 63);
insert into item_payment (item_id, payment_id, quantity) values ('I0036', 'P00000000031', 34);
insert into item_payment (item_id, payment_id, quantity) values ('I0036', 'P00000000032', 87);
insert into item_payment (item_id, payment_id, quantity) values ('I0037', 'P00000000033', 74);
insert into item_payment (item_id, payment_id, quantity) values ('I0037', 'P00000000034', 78);
insert into item_payment (item_id, payment_id, quantity) values ('I0038', 'P00000000035', 47);
insert into item_payment (item_id, payment_id, quantity) values ('I0038', 'P00000000036', 83);
insert into item_payment (item_id, payment_id, quantity) values ('I0039', 'P00000000037', 89);
insert into item_payment (item_id, payment_id, quantity) values ('I0039', 'P00000000038', 11);
insert into item_payment (item_id, payment_id, quantity) values ('I0040', 'P00000000039', 83);
insert into item_payment (item_id, payment_id, quantity) values ('I0040', 'P00000000040', 15);
insert into item_payment (item_id, payment_id, quantity) values ('I0021', 'P00000000041', 18);
insert into item_payment (item_id, payment_id, quantity) values ('I0021', 'P00000000042', 26);
insert into item_payment (item_id, payment_id, quantity) values ('I0022', 'P00000000043', 13);
insert into item_payment (item_id, payment_id, quantity) values ('I0022', 'P00000000044', 61);
insert into item_payment (item_id, payment_id, quantity) values ('I0023', 'P00000000045', 70);
insert into item_payment (item_id, payment_id, quantity) values ('I0023', 'P00000000046', 72);
insert into item_payment (item_id, payment_id, quantity) values ('I0024', 'P00000000047', 55);
insert into item_payment (item_id, payment_id, quantity) values ('I0024', 'P00000000048', 50);
insert into item_payment (item_id, payment_id, quantity) values ('I0025', 'P00000000049', 78);
insert into item_payment (item_id, payment_id, quantity) values ('I0025', 'P00000000050', 90);
insert into item_payment (item_id, payment_id, quantity) values ('I0025', 'P00000000051', 85);
insert into item_payment (item_id, payment_id, quantity) values ('I0025', 'P00000000052', 14);
insert into item_payment (item_id, payment_id, quantity) values ('I0025', 'P00000000053', 20);
insert into item_payment (item_id, payment_id, quantity) values ('I0025', 'P00000000054', 80);
insert into item_payment (item_id, payment_id, quantity) values ('I0025', 'P00000000055', 11);
insert into item_payment (item_id, payment_id, quantity) values ('I0025', 'P00000000056', 18);
insert into item_payment (item_id, payment_id, quantity) values ('I0025', 'P00000000057', 94);
insert into item_payment (item_id, payment_id, quantity) values ('I0025', 'P00000000058', 49);
insert into item_payment (item_id, payment_id, quantity) values ('I0025', 'P00000000059', 1);
insert into item_payment (item_id, payment_id, quantity) values ('I0025', 'P00000000060', 86);
insert into item_payment (item_id, payment_id, quantity) values ('I0025', 'P00000000061', 1);
insert into item_payment (item_id, payment_id, quantity) values ('I0025', 'P00000000062', 76);
insert into item_payment (item_id, payment_id, quantity) values ('I0025', 'P00000000063', 97);
insert into item_payment (item_id, payment_id, quantity) values ('I0025', 'P00000000064', 72);
insert into item_payment (item_id, payment_id, quantity) values ('I0025', 'P00000000065', 61);
insert into item_payment (item_id, payment_id, quantity) values ('I0025', 'P00000000066', 65);
insert into item_payment (item_id, payment_id, quantity) values ('I0025', 'P00000000067', 22);
insert into item_payment (item_id, payment_id, quantity) values ('I0025', 'P00000000068', 81);
insert into item_payment (item_id, payment_id, quantity) values ('I0025', 'P00000000069', 59);
insert into item_payment (item_id, payment_id, quantity) values ('I0025', 'P00000000070', 8);
insert into item_payment (item_id, payment_id, quantity) values ('I0025', 'P00000000071', 58);
insert into item_payment (item_id, payment_id, quantity) values ('I0025', 'P00000000072', 78);
insert into item_payment (item_id, payment_id, quantity) values ('I0025', 'P00000000073', 53);
insert into item_payment (item_id, payment_id, quantity) values ('I0025', 'P00000000074', 53);
insert into item_payment (item_id, payment_id, quantity) values ('I0025', 'P00000000075', 6);
insert into item_payment (item_id, payment_id, quantity) values ('I0025', 'P00000000076', 74);
insert into item_payment (item_id, payment_id, quantity) values ('I0025', 'P00000000077', 47);
insert into item_payment (item_id, payment_id, quantity) values ('I0025', 'P00000000078', 69);
insert into item_payment (item_id, payment_id, quantity) values ('I0025', 'P00000000079', 24);
insert into item_payment (item_id, payment_id, quantity) values ('I0025', 'P00000000080', 29);
insert into item_payment (item_id, payment_id, quantity) values ('I0025', 'P00000000081', 59);
insert into item_payment (item_id, payment_id, quantity) values ('I0025', 'P00000000082', 48);
insert into item_payment (item_id, payment_id, quantity) values ('I0025', 'P00000000083', 34);
insert into item_payment (item_id, payment_id, quantity) values ('I0025', 'P00000000084', 95);
insert into item_payment (item_id, payment_id, quantity) values ('I0025', 'P00000000085', 61);
insert into item_payment (item_id, payment_id, quantity) values ('I0025', 'P00000000086', 36);
insert into item_payment (item_id, payment_id, quantity) values ('I0025', 'P00000000087', 23);
insert into item_payment (item_id, payment_id, quantity) values ('I0025', 'P00000000088', 87);
insert into item_payment (item_id, payment_id, quantity) values ('I0025', 'P00000000089', 90);
insert into item_payment (item_id, payment_id, quantity) values ('I0025', 'P00000000090', 84);
insert into item_payment (item_id, payment_id, quantity) values ('I0025', 'P00000000091', 40);
insert into item_payment (item_id, payment_id, quantity) values ('I0025', 'P00000000092', 9);
insert into item_payment (item_id, payment_id, quantity) values ('I0025', 'P00000000093', 39);
insert into item_payment (item_id, payment_id, quantity) values ('I0025', 'P00000000094', 75);
insert into item_payment (item_id, payment_id, quantity) values ('I0025', 'P00000000095', 85);
insert into item_payment (item_id, payment_id, quantity) values ('I0025', 'P00000000096', 95);
insert into item_payment (item_id, payment_id, quantity) values ('I0025', 'P00000000097', 11);
insert into item_payment (item_id, payment_id, quantity) values ('I0025', 'P00000000098', 9);
insert into item_payment (item_id, payment_id, quantity) values ('I0025', 'P00000000099', 81);
insert into item_payment (item_id, payment_id, quantity) values ('I0025', 'P00000000100', 70);
insert into item_payment (item_id, payment_id, quantity) values ('I0041', 'P00000000001', 84);
insert into item_payment (item_id, payment_id, quantity) values ('I0041', 'P00000000002', 51);
insert into item_payment (item_id, payment_id, quantity) values ('I0042', 'P00000000003', 1);
insert into item_payment (item_id, payment_id, quantity) values ('I0042', 'P00000000004', 75);
insert into item_payment (item_id, payment_id, quantity) values ('I0043', 'P00000000005', 10);
insert into item_payment (item_id, payment_id, quantity) values ('I0043', 'P00000000006', 76);
insert into item_payment (item_id, payment_id, quantity) values ('I0044', 'P00000000007', 92);
insert into item_payment (item_id, payment_id, quantity) values ('I0044', 'P00000000008', 56);
insert into item_payment (item_id, payment_id, quantity) values ('I0045', 'P00000000009', 70);
insert into item_payment (item_id, payment_id, quantity) values ('I0045', 'P00000000010', 50);
insert into item_payment (item_id, payment_id, quantity) values ('I0046', 'P00000000011', 10);
insert into item_payment (item_id, payment_id, quantity) values ('I0046', 'P00000000012', 80);
insert into item_payment (item_id, payment_id, quantity) values ('I0047', 'P00000000013', 87);
insert into item_payment (item_id, payment_id, quantity) values ('I0047', 'P00000000014', 57);
insert into item_payment (item_id, payment_id, quantity) values ('I0048', 'P00000000015', 22);
insert into item_payment (item_id, payment_id, quantity) values ('I0048', 'P00000000016', 27);
insert into item_payment (item_id, payment_id, quantity) values ('I0049', 'P00000000017', 70);
insert into item_payment (item_id, payment_id, quantity) values ('I0049', 'P00000000018', 95);
insert into item_payment (item_id, payment_id, quantity) values ('I0050', 'P00000000019', 10);
insert into item_payment (item_id, payment_id, quantity) values ('I0050', 'P00000000020', 59);
insert into item_payment (item_id, payment_id, quantity) values ('I0051', 'P00000000021', 89);
insert into item_payment (item_id, payment_id, quantity) values ('I0051', 'P00000000022', 55);
insert into item_payment (item_id, payment_id, quantity) values ('I0052', 'P00000000023', 77);
insert into item_payment (item_id, payment_id, quantity) values ('I0052', 'P00000000024', 29);
insert into item_payment (item_id, payment_id, quantity) values ('I0053', 'P00000000025', 51);
insert into item_payment (item_id, payment_id, quantity) values ('I0053', 'P00000000026', 54);
insert into item_payment (item_id, payment_id, quantity) values ('I0054', 'P00000000027', 29);
insert into item_payment (item_id, payment_id, quantity) values ('I0054', 'P00000000028', 78);
insert into item_payment (item_id, payment_id, quantity) values ('I0055', 'P00000000029', 37);
insert into item_payment (item_id, payment_id, quantity) values ('I0055', 'P00000000030', 61);
insert into item_payment (item_id, payment_id, quantity) values ('I0056', 'P00000000031', 18);
insert into item_payment (item_id, payment_id, quantity) values ('I0056', 'P00000000032', 65);
insert into item_payment (item_id, payment_id, quantity) values ('I0057', 'P00000000033', 2);
insert into item_payment (item_id, payment_id, quantity) values ('I0057', 'P00000000034', 48);
insert into item_payment (item_id, payment_id, quantity) values ('I0058', 'P00000000035', 76);
insert into item_payment (item_id, payment_id, quantity) values ('I0058', 'P00000000036', 10);
insert into item_payment (item_id, payment_id, quantity) values ('I0059', 'P00000000037', 26);
insert into item_payment (item_id, payment_id, quantity) values ('I0059', 'P00000000038', 69);
insert into item_payment (item_id, payment_id, quantity) values ('I0060', 'P00000000039', 35);
insert into item_payment (item_id, payment_id, quantity) values ('I0060', 'P00000000040', 59);
insert into item_payment (item_id, payment_id, quantity) values ('I0041', 'P00000000041', 99);
insert into item_payment (item_id, payment_id, quantity) values ('I0041', 'P00000000042', 49);
insert into item_payment (item_id, payment_id, quantity) values ('I0042', 'P00000000043', 38);
insert into item_payment (item_id, payment_id, quantity) values ('I0042', 'P00000000044', 83);
insert into item_payment (item_id, payment_id, quantity) values ('I0043', 'P00000000045', 43);
insert into item_payment (item_id, payment_id, quantity) values ('I0043', 'P00000000046', 76);
insert into item_payment (item_id, payment_id, quantity) values ('I0044', 'P00000000047', 20);
insert into item_payment (item_id, payment_id, quantity) values ('I0044', 'P00000000048', 50);
insert into item_payment (item_id, payment_id, quantity) values ('I0045', 'P00000000049', 93);
insert into item_payment (item_id, payment_id, quantity) values ('I0045', 'P00000000050', 38);
insert into item_payment (item_id, payment_id, quantity) values ('I0045', 'P00000000051', 60);
insert into item_payment (item_id, payment_id, quantity) values ('I0045', 'P00000000052', 74);
insert into item_payment (item_id, payment_id, quantity) values ('I0045', 'P00000000053', 71);
insert into item_payment (item_id, payment_id, quantity) values ('I0045', 'P00000000054', 67);
insert into item_payment (item_id, payment_id, quantity) values ('I0045', 'P00000000055', 46);
insert into item_payment (item_id, payment_id, quantity) values ('I0045', 'P00000000056', 18);
insert into item_payment (item_id, payment_id, quantity) values ('I0045', 'P00000000057', 41);
insert into item_payment (item_id, payment_id, quantity) values ('I0045', 'P00000000058', 29);
insert into item_payment (item_id, payment_id, quantity) values ('I0045', 'P00000000059', 71);
insert into item_payment (item_id, payment_id, quantity) values ('I0045', 'P00000000060', 16);
insert into item_payment (item_id, payment_id, quantity) values ('I0045', 'P00000000061', 63);
insert into item_payment (item_id, payment_id, quantity) values ('I0045', 'P00000000062', 27);
insert into item_payment (item_id, payment_id, quantity) values ('I0045', 'P00000000063', 44);
insert into item_payment (item_id, payment_id, quantity) values ('I0045', 'P00000000064', 58);
insert into item_payment (item_id, payment_id, quantity) values ('I0045', 'P00000000065', 24);
insert into item_payment (item_id, payment_id, quantity) values ('I0045', 'P00000000066', 33);
insert into item_payment (item_id, payment_id, quantity) values ('I0045', 'P00000000067', 19);
insert into item_payment (item_id, payment_id, quantity) values ('I0045', 'P00000000068', 17);
insert into item_payment (item_id, payment_id, quantity) values ('I0045', 'P00000000069', 96);
insert into item_payment (item_id, payment_id, quantity) values ('I0045', 'P00000000070', 85);
insert into item_payment (item_id, payment_id, quantity) values ('I0045', 'P00000000071', 44);
insert into item_payment (item_id, payment_id, quantity) values ('I0045', 'P00000000072', 18);
insert into item_payment (item_id, payment_id, quantity) values ('I0045', 'P00000000073', 65);
insert into item_payment (item_id, payment_id, quantity) values ('I0045', 'P00000000074', 62);
insert into item_payment (item_id, payment_id, quantity) values ('I0045', 'P00000000075', 65);
insert into item_payment (item_id, payment_id, quantity) values ('I0045', 'P00000000076', 84);
insert into item_payment (item_id, payment_id, quantity) values ('I0045', 'P00000000077', 69);
insert into item_payment (item_id, payment_id, quantity) values ('I0045', 'P00000000078', 87);
insert into item_payment (item_id, payment_id, quantity) values ('I0045', 'P00000000079', 16);
insert into item_payment (item_id, payment_id, quantity) values ('I0045', 'P00000000080', 65);
insert into item_payment (item_id, payment_id, quantity) values ('I0045', 'P00000000081', 53);
insert into item_payment (item_id, payment_id, quantity) values ('I0045', 'P00000000082', 31);
insert into item_payment (item_id, payment_id, quantity) values ('I0045', 'P00000000083', 59);
insert into item_payment (item_id, payment_id, quantity) values ('I0045', 'P00000000084', 54);
insert into item_payment (item_id, payment_id, quantity) values ('I0045', 'P00000000085', 44);
insert into item_payment (item_id, payment_id, quantity) values ('I0045', 'P00000000086', 27);
insert into item_payment (item_id, payment_id, quantity) values ('I0045', 'P00000000087', 30);
insert into item_payment (item_id, payment_id, quantity) values ('I0045', 'P00000000088', 84);
insert into item_payment (item_id, payment_id, quantity) values ('I0045', 'P00000000089', 36);
insert into item_payment (item_id, payment_id, quantity) values ('I0045', 'P00000000090', 82);
insert into item_payment (item_id, payment_id, quantity) values ('I0045', 'P00000000091', 28);
insert into item_payment (item_id, payment_id, quantity) values ('I0045', 'P00000000092', 45);
insert into item_payment (item_id, payment_id, quantity) values ('I0045', 'P00000000093', 15);
insert into item_payment (item_id, payment_id, quantity) values ('I0045', 'P00000000094', 89);
insert into item_payment (item_id, payment_id, quantity) values ('I0045', 'P00000000095', 66);
insert into item_payment (item_id, payment_id, quantity) values ('I0045', 'P00000000096', 29);
insert into item_payment (item_id, payment_id, quantity) values ('I0045', 'P00000000097', 22);
insert into item_payment (item_id, payment_id, quantity) values ('I0045', 'P00000000098', 71);
insert into item_payment (item_id, payment_id, quantity) values ('I0045', 'P00000000099', 96);
insert into item_payment (item_id, payment_id, quantity) values ('I0045', 'P00000000100', 51);
insert into item_payment (item_id, payment_id, quantity) values ('I0061', 'P00000000100', 11);
insert into item_payment (item_id, payment_id, quantity) values ('I0062', 'P00000000101', 21);
insert into item_payment (item_id, payment_id, quantity) values ('I0063', 'P00000000102', 31);
insert into item_payment (item_id, payment_id, quantity) values ('I0064', 'P00000000103', 41);
insert into item_payment (item_id, payment_id, quantity) values ('I0065', 'P00000000104', 51);
insert into item_payment (item_id, payment_id, quantity) values ('I0066', 'P00000000105', 61);
insert into item_payment (item_id, payment_id, quantity) values ('I0067', 'P00000000106', 71);
insert into item_payment (item_id, payment_id, quantity) values ('I0068', 'P00000000107', 81);
insert into item_payment (item_id, payment_id, quantity) values ('I0067', 'P00000000108', 71);
insert into item_payment (item_id, payment_id, quantity) values ('I0068', 'P00000000109', 81);

insert into ticket (ticket_id, price, schedule_id, seat_id, payment_id) values ('T00000000001', 60.85, 'X000000001', 'S000001', 'P00000000001');
insert into ticket (ticket_id, price, schedule_id, seat_id, payment_id) values ('T00000000002', 11.46, 'X000000002', 'S000002', 'P00000000002');
insert into ticket (ticket_id, price, schedule_id, seat_id, payment_id) values ('T00000000003', 12.58, 'X000000003', 'S000003', 'P00000000003');
insert into ticket (ticket_id, price, schedule_id, seat_id, payment_id) values ('T00000000004', 14.66, 'X000000004', 'S000004', 'P00000000004');
insert into ticket (ticket_id, price, schedule_id, seat_id, payment_id) values ('T00000000005', 69.25, 'X000000005', 'S000005', 'P00000000005');
insert into ticket (ticket_id, price, schedule_id, seat_id, payment_id) values ('T00000000006', 12.05, 'X000000006', 'S000006', 'P00000000006');
insert into ticket (ticket_id, price, schedule_id, seat_id, payment_id) values ('T00000000007', 92.96, 'X000000007', 'S000007', 'P00000000007');
insert into ticket (ticket_id, price, schedule_id, seat_id, payment_id) values ('T00000000008', 54.36, 'X000000008', 'S000008', 'P00000000008');
insert into ticket (ticket_id, price, schedule_id, seat_id, payment_id) values ('T00000000009', 55.77, 'X000000009', 'S000009', 'P00000000009');
insert into ticket (ticket_id, price, schedule_id, seat_id, payment_id) values ('T00000000010', 23.05, 'X000000010', 'S000010', 'P00000000010');
insert into ticket (ticket_id, price, schedule_id, seat_id, payment_id) values ('T00000000011', 86.46, 'X000000011', 'S000011', 'P00000000011');
insert into ticket (ticket_id, price, schedule_id, seat_id, payment_id) values ('T00000000012', 54.97, 'X000000012', 'S000012', 'P00000000012');
insert into ticket (ticket_id, price, schedule_id, seat_id, payment_id) values ('T00000000013', 87.88, 'X000000013', 'S000013', 'P00000000013');
insert into ticket (ticket_id, price, schedule_id, seat_id, payment_id) values ('T00000000014', 28.11, 'X000000014', 'S000014', 'P00000000014');
insert into ticket (ticket_id, price, schedule_id, seat_id, payment_id) values ('T00000000015', 26.62, 'X000000015', 'S000015', 'P00000000015');
insert into ticket (ticket_id, price, schedule_id, seat_id, payment_id) values ('T00000000016', 16.43, 'X000000016', 'S000016', 'P00000000016');
insert into ticket (ticket_id, price, schedule_id, seat_id, payment_id) values ('T00000000017', 48.1, 'X000000017', 'S000017', 'P00000000017');
insert into ticket (ticket_id, price, schedule_id, seat_id, payment_id) values ('T00000000018', 7.93, 'X000000018', 'S000018', 'P00000000018');
insert into ticket (ticket_id, price, schedule_id, seat_id, payment_id) values ('T00000000019', 44.37, 'X000000019', 'S000019', 'P00000000019');
insert into ticket (ticket_id, price, schedule_id, seat_id, payment_id) values ('T00000000020', 81.46, 'X000000020', 'S000020', 'P00000000020');
insert into ticket (ticket_id, price, schedule_id, seat_id, payment_id) values ('T00000000021', 84.15, 'X000000021', 'S000021', 'P00000000021');
insert into ticket (ticket_id, price, schedule_id, seat_id, payment_id) values ('T00000000022', 39.18, 'X000000022', 'S000022', 'P00000000022');
insert into ticket (ticket_id, price, schedule_id, seat_id, payment_id) values ('T00000000023', 57.88, 'X000000023', 'S000023', 'P00000000023');
insert into ticket (ticket_id, price, schedule_id, seat_id, payment_id) values ('T00000000024', 0.24, 'X000000024', 'S000024', 'P00000000024');
insert into ticket (ticket_id, price, schedule_id, seat_id, payment_id) values ('T00000000025', 3.82, 'X000000025', 'S000025', 'P00000000025');
insert into ticket (ticket_id, price, schedule_id, seat_id, payment_id) values ('T00000000026', 11.37, 'X000000026', 'S000026', 'P00000000026');
insert into ticket (ticket_id, price, schedule_id, seat_id, payment_id) values ('T00000000027', 67.8, 'X000000027', 'S000027', 'P00000000027');
insert into ticket (ticket_id, price, schedule_id, seat_id, payment_id) values ('T00000000028', 83.08, 'X000000028', 'S000028', 'P00000000028');
insert into ticket (ticket_id, price, schedule_id, seat_id, payment_id) values ('T00000000029', 66.96, 'X000000029', 'S000029', 'P00000000029');
insert into ticket (ticket_id, price, schedule_id, seat_id, payment_id) values ('T00000000030', 76.38, 'X000000030', 'S000030', 'P00000000030');
insert into ticket (ticket_id, price, schedule_id, seat_id, payment_id) values ('T00000000031', 34.56, 'X000000031', 'S000031', 'P00000000031');
insert into ticket (ticket_id, price, schedule_id, seat_id, payment_id) values ('T00000000032', 95.23, 'X000000032', 'S000032', 'P00000000032');
insert into ticket (ticket_id, price, schedule_id, seat_id, payment_id) values ('T00000000033', 23.45, 'X000000033', 'S000033', 'P00000000033');
insert into ticket (ticket_id, price, schedule_id, seat_id, payment_id) values ('T00000000034', 4.26, 'X000000034', 'S000034', 'P00000000034');
insert into ticket (ticket_id, price, schedule_id, seat_id, payment_id) values ('T00000000035', 55.15, 'X000000035', 'S000035', 'P00000000035');
insert into ticket (ticket_id, price, schedule_id, seat_id, payment_id) values ('T00000000036', 31.94, 'X000000036', 'S000036', 'P00000000036');
insert into ticket (ticket_id, price, schedule_id, seat_id, payment_id) values ('T00000000037', 54.41, 'X000000037', 'S000037', 'P00000000037');
insert into ticket (ticket_id, price, schedule_id, seat_id, payment_id) values ('T00000000038', 27.16, 'X000000038', 'S000038', 'P00000000038');
insert into ticket (ticket_id, price, schedule_id, seat_id, payment_id) values ('T00000000039', 64.56, 'X000000039', 'S000039', 'P00000000039');
insert into ticket (ticket_id, price, schedule_id, seat_id, payment_id) values ('T00000000040', 50.63, 'X000000040', 'S000040', 'P00000000040');
insert into ticket (ticket_id, price, schedule_id, seat_id, payment_id) values ('T00000000041', 47.13, 'X000000041', 'S000001', 'P00000000041');
insert into ticket (ticket_id, price, schedule_id, seat_id, payment_id) values ('T00000000042', 20.11, 'X000000042', 'S000002', 'P00000000042');
insert into ticket (ticket_id, price, schedule_id, seat_id, payment_id) values ('T00000000043', 11.27, 'X000000043', 'S000003', 'P00000000043');
insert into ticket (ticket_id, price, schedule_id, seat_id, payment_id) values ('T00000000044', 0.93, 'X000000044', 'S000004', 'P00000000044');
insert into ticket (ticket_id, price, schedule_id, seat_id, payment_id) values ('T00000000045', 22.43, 'X000000045', 'S000005', 'P00000000045');
insert into ticket (ticket_id, price, schedule_id, seat_id, payment_id) values ('T00000000046', 9.89, 'X000000046', 'S000006', 'P00000000046');
insert into ticket (ticket_id, price, schedule_id, seat_id, payment_id) values ('T00000000047', 78.59, 'X000000047', 'S000007', 'P00000000047');
insert into ticket (ticket_id, price, schedule_id, seat_id, payment_id) values ('T00000000048', 33.04, 'X000000048', 'S000008', 'P00000000048');
insert into ticket (ticket_id, price, schedule_id, seat_id, payment_id) values ('T00000000049', 9.35, 'X000000049', 'S000009', 'P00000000049');
insert into ticket (ticket_id, price, schedule_id, seat_id, payment_id) values ('T00000000050', 40.11, 'X000000050', 'S000010', 'P00000000050');
insert into ticket (ticket_id, price, schedule_id, seat_id, payment_id) values ('T00000000051', 61.93, 'X000000051', 'S000011', 'P00000000051');
insert into ticket (ticket_id, price, schedule_id, seat_id, payment_id) values ('T00000000052', 36.05, 'X000000052', 'S000012', 'P00000000052');
insert into ticket (ticket_id, price, schedule_id, seat_id, payment_id) values ('T00000000053', 61, 'X000000053', 'S000013', 'P00000000053');
insert into ticket (ticket_id, price, schedule_id, seat_id, payment_id) values ('T00000000054', 32.88, 'X000000054', 'S000014', 'P00000000054');
insert into ticket (ticket_id, price, schedule_id, seat_id, payment_id) values ('T00000000055', 90.6, 'X000000055', 'S000015', 'P00000000055');
insert into ticket (ticket_id, price, schedule_id, seat_id, payment_id) values ('T00000000056', 68.45, 'X000000056', 'S000016', 'P00000000056');
insert into ticket (ticket_id, price, schedule_id, seat_id, payment_id) values ('T00000000057', 93.22, 'X000000057', 'S000017', 'P00000000057');
insert into ticket (ticket_id, price, schedule_id, seat_id, payment_id) values ('T00000000058', 41.7, 'X000000058', 'S000018', 'P00000000058');
insert into ticket (ticket_id, price, schedule_id, seat_id, payment_id) values ('T00000000059', 46.57, 'X000000059', 'S000019', 'P00000000059');
insert into ticket (ticket_id, price, schedule_id, seat_id, payment_id) values ('T00000000060', 97.96, 'X000000060', 'S000020', 'P00000000060');
insert into ticket (ticket_id, price, schedule_id, seat_id, payment_id) values ('T00000000061', 84.05, 'X000000061', 'S000021', 'P00000000061');
insert into ticket (ticket_id, price, schedule_id, seat_id, payment_id) values ('T00000000062', 74.98, 'X000000062', 'S000022', 'P00000000062');
insert into ticket (ticket_id, price, schedule_id, seat_id, payment_id) values ('T00000000063', 93.76, 'X000000063', 'S000023', 'P00000000063');
insert into ticket (ticket_id, price, schedule_id, seat_id, payment_id) values ('T00000000064', 46.61, 'X000000064', 'S000024', 'P00000000064');
insert into ticket (ticket_id, price, schedule_id, seat_id, payment_id) values ('T00000000065', 18.74, 'X000000065', 'S000025', 'P00000000065');
insert into ticket (ticket_id, price, schedule_id, seat_id, payment_id) values ('T00000000066', 86.4, 'X000000066', 'S000026', 'P00000000066');
insert into ticket (ticket_id, price, schedule_id, seat_id, payment_id) values ('T00000000067', 67.19, 'X000000067', 'S000027', 'P00000000067');
insert into ticket (ticket_id, price, schedule_id, seat_id, payment_id) values ('T00000000068', 89.15, 'X000000068', 'S000028', 'P00000000068');
insert into ticket (ticket_id, price, schedule_id, seat_id, payment_id) values ('T00000000069', 76.54, 'X000000069', 'S000029', 'P00000000069');
insert into ticket (ticket_id, price, schedule_id, seat_id, payment_id) values ('T00000000070', 24.65, 'X000000070', 'S000030', 'P00000000070');
insert into ticket (ticket_id, price, schedule_id, seat_id, payment_id) values ('T00000000071', 78.94, 'X000000071', 'S000031', 'P00000000071');
insert into ticket (ticket_id, price, schedule_id, seat_id, payment_id) values ('T00000000072', 39.25, 'X000000072', 'S000032', 'P00000000072');
insert into ticket (ticket_id, price, schedule_id, seat_id, payment_id) values ('T00000000073', 75.7, 'X000000073', 'S000033', 'P00000000073');
insert into ticket (ticket_id, price, schedule_id, seat_id, payment_id) values ('T00000000074', 20.36, 'X000000074', 'S000034', 'P00000000074');
insert into ticket (ticket_id, price, schedule_id, seat_id, payment_id) values ('T00000000075', 58.16, 'X000000075', 'S000035', 'P00000000075');
insert into ticket (ticket_id, price, schedule_id, seat_id, payment_id) values ('T00000000076', 2.58, 'X000000076', 'S000036', 'P00000000076');
insert into ticket (ticket_id, price, schedule_id, seat_id, payment_id) values ('T00000000077', 33.99, 'X000000077', 'S000037', 'P00000000077');
insert into ticket (ticket_id, price, schedule_id, seat_id, payment_id) values ('T00000000078', 65.97, 'X000000078', 'S000038', 'P00000000078');
insert into ticket (ticket_id, price, schedule_id, seat_id, payment_id) values ('T00000000079', 42.94, 'X000000079', 'S000039', 'P00000000079');
insert into ticket (ticket_id, price, schedule_id, seat_id, payment_id) values ('T00000000080', 6.25, 'X000000080', 'S000040', 'P00000000080');
insert into ticket (ticket_id, price, schedule_id, seat_id, payment_id) values ('T00000000081', 50.4, 'X000000081', 'S000001', 'P00000000081');
insert into ticket (ticket_id, price, schedule_id, seat_id, payment_id) values ('T00000000082', 55.04, 'X000000082', 'S000002', 'P00000000082');
insert into ticket (ticket_id, price, schedule_id, seat_id, payment_id) values ('T00000000083', 27.15, 'X000000083', 'S000003', 'P00000000083');
insert into ticket (ticket_id, price, schedule_id, seat_id, payment_id) values ('T00000000084', 20.87, 'X000000084', 'S000004', 'P00000000084');
insert into ticket (ticket_id, price, schedule_id, seat_id, payment_id) values ('T00000000085', 68.96, 'X000000085', 'S000005', 'P00000000085');
insert into ticket (ticket_id, price, schedule_id, seat_id, payment_id) values ('T00000000086', 57.45, 'X000000086', 'S000006', 'P00000000086');
insert into ticket (ticket_id, price, schedule_id, seat_id, payment_id) values ('T00000000087', 32.2, 'X000000087', 'S000007', 'P00000000087');
insert into ticket (ticket_id, price, schedule_id, seat_id, payment_id) values ('T00000000088', 29.81, 'X000000088', 'S000008', 'P00000000088');
insert into ticket (ticket_id, price, schedule_id, seat_id, payment_id) values ('T00000000089', 44.49, 'X000000089', 'S000009', 'P00000000089');
insert into ticket (ticket_id, price, schedule_id, seat_id, payment_id) values ('T00000000090', 9.85, 'X000000090', 'S000010', 'P00000000090');
insert into ticket (ticket_id, price, schedule_id, seat_id, payment_id) values ('T00000000091', 8.19, 'X000000091', 'S000011', 'P00000000091');
insert into ticket (ticket_id, price, schedule_id, seat_id, payment_id) values ('T00000000092', 43.15, 'X000000092', 'S000012', 'P00000000092');
insert into ticket (ticket_id, price, schedule_id, seat_id, payment_id) values ('T00000000093', 24.03, 'X000000093', 'S000013', 'P00000000093');
insert into ticket (ticket_id, price, schedule_id, seat_id, payment_id) values ('T00000000094', 25.88, 'X000000094', 'S000014', 'P00000000094');
insert into ticket (ticket_id, price, schedule_id, seat_id, payment_id) values ('T00000000095', 88.9, 'X000000095', 'S000015', 'P00000000095');
insert into ticket (ticket_id, price, schedule_id, seat_id, payment_id) values ('T00000000096', 13.99, 'X000000096', 'S000016', 'P00000000096');
insert into ticket (ticket_id, price, schedule_id, seat_id, payment_id) values ('T00000000097', 3.85, 'X000000097', 'S000017', 'P00000000097');
insert into ticket (ticket_id, price, schedule_id, seat_id, payment_id) values ('T00000000098', 50.95, 'X000000098', 'S000018', 'P00000000098');
insert into ticket (ticket_id, price, schedule_id, seat_id, payment_id) values ('T00000000099', 12.78, 'X000000099', 'S000019', 'P00000000099');
insert into ticket (ticket_id, price, schedule_id, seat_id, payment_id) values ('T00000000100', 81.33, 'X000000100', 'S000020', 'P00000000100');
insert into ticket (ticket_id, price, schedule_id, seat_id, payment_id) values ('T00000000101', 20.87, 'X000000001', 'S000041', 'P00000000001');
insert into ticket (ticket_id, price, schedule_id, seat_id, payment_id) values ('T00000000102', 68.96, 'X000000002', 'S000042', 'P00000000002');
insert into ticket (ticket_id, price, schedule_id, seat_id, payment_id) values ('T00000000103', 57.45, 'X000000003', 'S000043', 'P00000000003');
insert into ticket (ticket_id, price, schedule_id, seat_id, payment_id) values ('T00000000104', 32.2, 'X000000004', 'S000044', 'P00000000004');
insert into ticket (ticket_id, price, schedule_id, seat_id, payment_id) values ('T00000000105', 29.81, 'X000000005', 'S000045', 'P00000000005');
insert into ticket (ticket_id, price, schedule_id, seat_id, payment_id) values ('T00000000106', 44.49, 'X000000006', 'S000046', 'P00000000006');
insert into ticket (ticket_id, price, schedule_id, seat_id, payment_id) values ('T00000000107', 9.85, 'X000000007', 'S000047', 'P00000000007');
insert into ticket (ticket_id, price, schedule_id, seat_id, payment_id) values ('T00000000108', 8.19, 'X000000008', 'S000048', 'P00000000008');
insert into ticket (ticket_id, price, schedule_id, seat_id, payment_id) values ('T00000000109', 43.15, 'X000000009', 'S000049', 'P00000000009');
insert into ticket (ticket_id, price, schedule_id, seat_id, payment_id) values ('T00000000110', 24.03, 'X000000010', 'S000050', 'P00000000010');
insert into ticket (ticket_id, price, schedule_id, seat_id, payment_id) values ('T00000000111', 25.88, 'X000000011', 'S000051', 'P00000000011');
insert into ticket (ticket_id, price, schedule_id, seat_id, payment_id) values ('T00000000112', 88.9, 'X000000012', 'S000052', 'P00000000012');
insert into ticket (ticket_id, price, schedule_id, seat_id, payment_id) values ('T00000000113', 13.99, 'X000000013', 'S000053', 'P00000000013');
insert into ticket (ticket_id, price, schedule_id, seat_id, payment_id) values ('T00000000114', 3.85, 'X000000014', 'S000054', 'P00000000014');
insert into ticket (ticket_id, price, schedule_id, seat_id, payment_id) values ('T00000000115', 50.95, 'X000000015', 'S000055', 'P00000000015');
insert into ticket (ticket_id, price, schedule_id, seat_id, payment_id) values ('T00000000116', 12.78, 'X000000016', 'S000056', 'P00000000016');
insert into ticket (ticket_id, price, schedule_id, seat_id, payment_id) values ('T00000000117', 81.33, 'X000000017', 'S000057', 'P00000000017');
insert into ticket (ticket_id, price, schedule_id, seat_id, payment_id) values ('T00000000118', 20.87, 'X000000018', 'S000058', 'P00000000018');
insert into ticket (ticket_id, price, schedule_id, seat_id, payment_id) values ('T00000000119', 68.96, 'X000000019', 'S000059', 'P00000000019');
insert into ticket (ticket_id, price, schedule_id, seat_id, payment_id) values ('T00000000120', 57.45, 'X000000020', 'S000060', 'P00000000020');
insert into ticket (ticket_id, price, schedule_id, seat_id, payment_id) values ('T00000000121', 32.2, 'X000000021', 'S000061', 'P00000000021');
insert into ticket (ticket_id, price, schedule_id, seat_id, payment_id) values ('T00000000122', 29.81, 'X000000022', 'S000062', 'P00000000022');
insert into ticket (ticket_id, price, schedule_id, seat_id, payment_id) values ('T00000000123', 44.49, 'X000000023', 'S000063', 'P00000000023');
insert into ticket (ticket_id, price, schedule_id, seat_id, payment_id) values ('T00000000124', 9.85, 'X000000024', 'S000064', 'P00000000024');
insert into ticket (ticket_id, price, schedule_id, seat_id, payment_id) values ('T00000000125', 8.19, 'X000000025', 'S000065', 'P00000000025');
insert into ticket (ticket_id, price, schedule_id, seat_id, payment_id) values ('T00000000126', 43.15, 'X000000026', 'S000066', 'P00000000026');
insert into ticket (ticket_id, price, schedule_id, seat_id, payment_id) values ('T00000000127', 24.03, 'X000000027', 'S000067', 'P00000000027');
insert into ticket (ticket_id, price, schedule_id, seat_id, payment_id) values ('T00000000128', 25.88, 'X000000028', 'S000068', 'P00000000028');
insert into ticket (ticket_id, price, schedule_id, seat_id, payment_id) values ('T00000000129', 88.9, 'X000000029', 'S000069', 'P00000000029');
insert into ticket (ticket_id, price, schedule_id, seat_id, payment_id) values ('T00000000130', 13.99, 'X000000030', 'S000070', 'P00000000030');
insert into ticket (ticket_id, price, schedule_id, seat_id, payment_id) values ('T00000000131', 3.85, 'X000000031', 'S000071', 'P00000000031');
insert into ticket (ticket_id, price, schedule_id, seat_id, payment_id) values ('T00000000132', 50.95, 'X000000032', 'S000072', 'P00000000032');
insert into ticket (ticket_id, price, schedule_id, seat_id, payment_id) values ('T00000000133', 12.78, 'X000000033', 'S000073', 'P00000000033');
insert into ticket (ticket_id, price, schedule_id, seat_id, payment_id) values ('T00000000134', 81.33, 'X000000034', 'S000074', 'P00000000034');
insert into ticket (ticket_id, price, schedule_id, seat_id, payment_id) values ('T00000000135', 20.87, 'X000000035', 'S000075', 'P00000000035');
insert into ticket (ticket_id, price, schedule_id, seat_id, payment_id) values ('T00000000136', 68.96, 'X000000036', 'S000076', 'P00000000036');
insert into ticket (ticket_id, price, schedule_id, seat_id, payment_id) values ('T00000000137', 57.45, 'X000000037', 'S000077', 'P00000000037');
insert into ticket (ticket_id, price, schedule_id, seat_id, payment_id) values ('T00000000138', 32.2, 'X000000038', 'S000078', 'P00000000038');
insert into ticket (ticket_id, price, schedule_id, seat_id, payment_id) values ('T00000000139', 29.81, 'X000000039', 'S000079', 'P00000000039');
insert into ticket (ticket_id, price, schedule_id, seat_id, payment_id) values ('T00000000140', 44.49, 'X000000040', 'S000080', 'P00000000040');
insert into ticket (ticket_id, price, schedule_id, seat_id, payment_id) values ('T00000000141', 9.85, 'X000000041', 'S000041', 'P00000000041');
insert into ticket (ticket_id, price, schedule_id, seat_id, payment_id) values ('T00000000142', 8.19, 'X000000042', 'S000042', 'P00000000042');
insert into ticket (ticket_id, price, schedule_id, seat_id, payment_id) values ('T00000000143', 43.15, 'X000000043', 'S000043', 'P00000000043');
insert into ticket (ticket_id, price, schedule_id, seat_id, payment_id) values ('T00000000144', 24.03, 'X000000044', 'S000044', 'P00000000044');
insert into ticket (ticket_id, price, schedule_id, seat_id, payment_id) values ('T00000000145', 25.88, 'X000000045', 'S000045', 'P00000000045');
insert into ticket (ticket_id, price, schedule_id, seat_id, payment_id) values ('T00000000146', 88.9, 'X000000046', 'S000046', 'P00000000046');
insert into ticket (ticket_id, price, schedule_id, seat_id, payment_id) values ('T00000000147', 13.99, 'X000000047', 'S000047', 'P00000000047');
insert into ticket (ticket_id, price, schedule_id, seat_id, payment_id) values ('T00000000148', 3.85, 'X000000048', 'S000048', 'P00000000048');
insert into ticket (ticket_id, price, schedule_id, seat_id, payment_id) values ('T00000000149', 50.95, 'X000000049', 'S000049', 'P00000000049');
insert into ticket (ticket_id, price, schedule_id, seat_id, payment_id) values ('T00000000150', 12.78, 'X000000050', 'S000050', 'P00000000050');
insert into ticket (ticket_id, price, schedule_id, seat_id, payment_id) values ('T00000000151', 13.78, 'X000000026', 'S000026', 'P00000000103');
insert into ticket (ticket_id, price, schedule_id, seat_id, payment_id) values ('T00000000152', 14.78, 'X000000026', 'S000066', 'P00000000105');
insert into ticket (ticket_id, price, schedule_id, seat_id, payment_id) values ('T00000000153', 15.78, 'X000000026', 'S000026', 'P00000000106');
insert into ticket (ticket_id, price, schedule_id, seat_id, payment_id) values ('T00000000154', 16.78, 'X000000026', 'S000066', 'P00000000107');
insert into ticket (ticket_id, price, schedule_id, seat_id, payment_id) values ('T00000000155', 17.78, 'X000000026', 'S000026', 'P00000000108');
insert into ticket (ticket_id, price, schedule_id, seat_id, payment_id) values ('T00000000156', 18.78, 'X000000026', 'S000066', 'P00000000109');
insert into ticket (ticket_id, price, schedule_id, seat_id, payment_id) values ('T00000000157', 19.78, 'X000000026', 'S000026', 'P00000000106');
insert into ticket (ticket_id, price, schedule_id, seat_id, payment_id) values ('T00000000158', 20.78, 'X000000026', 'S000066', 'P00000000107');
insert into ticket (ticket_id, price, schedule_id, seat_id, payment_id) values ('T00000000159', 21.78, 'X000000026', 'S000026', 'P00000000108');

insert into employee (employee_id , name , phone, position , salary, join_date, branch_id) values ('E0000001', 'Adelina Lord', '015-04434279', 'CLEANER', 4498, '1-Jan-2001', 'B001');
insert into employee (employee_id , name , phone, position , salary, join_date, branch_id) values ('E0000002', 'Rex Yakovich', '018-18278386', 'ADMIN', 4311, '26-Jan-2001', 'B002');
insert into employee (employee_id , name , phone, position , salary, join_date, branch_id) values ('E0000003', 'Tulley Polsin', '015-82953481', 'ADMIN', 3983, '20-Feb-2001', 'B003');
insert into employee (employee_id , name , phone, position , salary, join_date, branch_id) values ('E0000004', 'Laughton Dering', '010-92739821', 'ADMIN', 6839, '17-Mar-2001', 'B004');
insert into employee (employee_id , name , phone, position , salary, join_date, branch_id) values ('E0000005', 'Ailsun MacCaghan', '013-49424748', 'USHER', 3143, '11-Apr-2001', 'B005');
insert into employee (employee_id , name , phone, position , salary, join_date, branch_id) values ('E0000006', 'Kimbra Omar', '019-55542665', 'PROJECTIONIST', 5982, '6-May-2001', 'B006');
insert into employee (employee_id , name , phone, position , salary, join_date, branch_id) values ('E0000007', 'Martynne Spandley', '018-01413244', 'CLEANER', 6259, '31-May-2001', 'B007');
insert into employee (employee_id , name , phone, position , salary, join_date, branch_id) values ('E0000008', 'Arne Calley', '016-55328793', 'USHER', 3707, '25-Jun-2001', 'B008');
insert into employee (employee_id , name , phone, position , salary, join_date, branch_id) values ('E0000009', 'Gordy Ellacott', '015-70408471', 'CASHIER', 2794, '20-Jul-2001', 'B009');
insert into employee (employee_id , name , phone, position , salary, join_date, branch_id) values ('E0000010', 'Noni Nassey', '011-08841066', 'ADMIN', 6808, '14-Aug-2001', 'B010');
insert into employee (employee_id , name , phone, position , salary, join_date, branch_id) values ('E0000011', 'Camel Cameli', '011-10551677', 'PROJECTIONIST', 4108, '8-Sep-2001', 'B011');
insert into employee (employee_id , name , phone, position , salary, join_date, branch_id) values ('E0000012', 'Hi Danaher', '019-53593685', 'PROJECTIONIST', 3467, '3-Oct-2001', 'B012');
insert into employee (employee_id , name , phone, position , salary, join_date, branch_id) values ('E0000013', 'Casey Rowet', '019-48401824', 'ADMIN', 1838, '28-Oct-2001', 'B013');
insert into employee (employee_id , name , phone, position , salary, join_date, branch_id) values ('E0000014', 'Tuck Bendixen', '018-35969691', 'CLEANER', 3672, '22-Nov-2001', 'B014');
insert into employee (employee_id , name , phone, position , salary, join_date, branch_id) values ('E0000015', 'Augie Feare', '012-85900696', 'ADMIN', 2923, '17-Dec-2001', 'B015');
insert into employee (employee_id , name , phone, position , salary, join_date, branch_id) values ('E0000016', 'Lee Maddison', '011-46786817', 'PROJECTIONIST', 7890, '11-Jan-2002', 'B016');
insert into employee (employee_id , name , phone, position , salary, join_date, branch_id) values ('E0000017', 'Erna Hue', '019-92373265', 'ADMIN', 4956, '5-Feb-2002', 'B017');
insert into employee (employee_id , name , phone, position , salary, join_date, branch_id) values ('E0000018', 'Elwin Wilprecht', '017-46526705', 'CASHIER', 3645, '2-Mar-2002', 'B018');
insert into employee (employee_id , name , phone, position , salary, join_date, branch_id) values ('E0000019', 'Ruttger Arnaldy', '013-11303971', 'USHER', 6689, '27-Mar-2002', 'B019');
insert into employee (employee_id , name , phone, position , salary, join_date, branch_id) values ('E0000020', 'Mackenzie Bendel', '017-30220272', 'CLEANER', 4119, '21-Apr-2002', 'B020');
insert into employee (employee_id , name , phone, position , salary, join_date, branch_id) values ('E0000021', 'Harry Gimbart', '019-00722821', 'USHER', 4118, '16-May-2002', 'B001');
insert into employee (employee_id , name , phone, position , salary, join_date, branch_id) values ('E0000022', 'Ynes Naisbit', '019-93977284', 'CASHIER', 7596, '10-Jun-2002', 'B002');
insert into employee (employee_id , name , phone, position , salary, join_date, branch_id) values ('E0000023', 'Erek Wilbraham', '017-19172589', 'ADMIN', 4028, '5-Jul-2002', 'B003');
insert into employee (employee_id , name , phone, position , salary, join_date, branch_id) values ('E0000024', 'Juline Rollinson', '010-30245313', 'PROJECTIONIST', 1853, '30-Jul-2002', 'B004');
insert into employee (employee_id , name , phone, position , salary, join_date, branch_id) values ('E0000025', 'Mindy Speed', '018-47444589', 'PROJECTIONIST', 7953, '24-Aug-2002', 'B005');
insert into employee (employee_id , name , phone, position , salary, join_date, branch_id) values ('E0000026', 'Dorris Johl', '019-08954600', 'USHER', 6724, '18-Sep-2002', 'B006');
insert into employee (employee_id , name , phone, position , salary, join_date, branch_id) values ('E0000027', 'Daniel Yate', '017-31532303', 'CLEANER', 6071, '13-Oct-2002', 'B007');
insert into employee (employee_id , name , phone, position , salary, join_date, branch_id) values ('E0000028', 'Neal Bauchop', '016-30155871', 'USHER', 4579, '7-Nov-2002', 'B008');
insert into employee (employee_id , name , phone, position , salary, join_date, branch_id) values ('E0000029', 'Paulie Querree', '013-10037201', 'CLEANER', 1588, '2-Dec-2002', 'B009');
insert into employee (employee_id , name , phone, position , salary, join_date, branch_id) values ('E0000030', 'Stanislas Saph', '015-79833817', 'CLEANER', 6734, '27-Dec-2002', 'B010');
insert into employee (employee_id , name , phone, position , salary, join_date, branch_id) values ('E0000031', 'Iris Dacre', '019-16005118', 'PROJECTIONIST', 6509, '21-Jan-2003', 'B011');
insert into employee (employee_id , name , phone, position , salary, join_date, branch_id) values ('E0000032', 'Anne-marie Shellard', '013-05385202', 'USHER', 2360, '15-Feb-2003', 'B012');
insert into employee (employee_id , name , phone, position , salary, join_date, branch_id) values ('E0000033', 'Evelyn Santhouse', '019-12015603', 'ADMIN', 3510, '12-Mar-2003', 'B013');
insert into employee (employee_id , name , phone, position , salary, join_date, branch_id) values ('E0000034', 'Saunder Phipps', '016-88759311', 'USHER', 5734, '6-Apr-2003', 'B014');
insert into employee (employee_id , name , phone, position , salary, join_date, branch_id) values ('E0000035', 'Chloe Chillingworth', '017-42268660', 'ADMIN', 6729, '1-May-2003', 'B015');
insert into employee (employee_id , name , phone, position , salary, join_date, branch_id) values ('E0000036', 'Paton Crombleholme', '016-99621409', 'CASHIER', 6174, '26-May-2003', 'B016');
insert into employee (employee_id , name , phone, position , salary, join_date, branch_id) values ('E0000037', 'Phaidra Baffin', '017-01680807', 'ADMIN', 3413, '20-Jun-2003', 'B017');
insert into employee (employee_id , name , phone, position , salary, join_date, branch_id) values ('E0000038', 'Freemon Watmough', '016-83122806', 'USHER', 7697, '15-Jul-2003', 'B018');
insert into employee (employee_id , name , phone, position , salary, join_date, branch_id) values ('E0000039', 'Johannes Vowles', '015-58492053', 'CLEANER', 6095, '9-Aug-2003', 'B019');
insert into employee (employee_id , name , phone, position , salary, join_date, branch_id) values ('E0000040', 'Elyssa Mannagh', '011-62242565', 'ADMIN', 6095, '3-Sep-2003', 'B020');

insert into refund (refund_id, reason, status, refund_date, ticket_id, employee_id) values ('F0000001', 'WRONG MOVIE', 'PENDING', '4-Mar-23', 'T00000000001', 'E0000001');
insert into refund (refund_id, reason, status, refund_date, ticket_id, employee_id) values ('F0000002', 'TECHNICAL DIFFICULTIES', 'REJECTED', '19-Mar-22', 'T00000000002', 'E0000001');
insert into refund (refund_id, reason, status, refund_date, ticket_id, employee_id) values ('F0000003', 'OVERBOOKED SHOW', 'APPROVED', '5-Aug-22', 'T00000000003', 'E0000002');
insert into refund (refund_id, reason, status, refund_date, ticket_id, employee_id) values ('F0000004', 'INVALID TICKET', 'REJECTED', '28-Sep-20', 'T00000000004', 'E0000002');
insert into refund (refund_id, reason, status, refund_date, ticket_id, employee_id) values ('F0000005', 'SEAT UNAVAILABLE', 'APPROVED', '21-Jul-20', 'T00000000005', 'E0000003');
insert into refund (refund_id, reason, status, refund_date, ticket_id, employee_id) values ('F0000006', 'TECHNICAL DIFFICULTIES', 'PENDING', '18-Aug-22', 'T00000000006', 'E0000003');
insert into refund (refund_id, reason, status, refund_date, ticket_id, employee_id) values ('F0000007', 'WRONG MOVIE', 'APPROVED', '9-May-20', 'T00000000007', 'E0000004');
insert into refund (refund_id, reason, status, refund_date, ticket_id, employee_id) values ('F0000008', 'MEDICAL EMERGENCY', 'REJECTED', '3-Jan-20', 'T00000000008', 'E0000004');
insert into refund (refund_id, reason, status, refund_date, ticket_id, employee_id) values ('F0000009', 'MEDICAL EMERGENCY', 'PENDING', '6-Jan-20', 'T00000000009', 'E0000005');
insert into refund (refund_id, reason, status, refund_date, ticket_id, employee_id) values ('F0000010', 'INCLEMENT WEATHER', 'PENDING', '20-Jul-21', 'T00000000010', 'E0000005');
insert into refund (refund_id, reason, status, refund_date, ticket_id, employee_id) values ('F0000011', 'PERSONAL EMERGENCY', 'PENDING', '15-Feb-20', 'T00000000011', 'E0000006');
insert into refund (refund_id, reason, status, refund_date, ticket_id, employee_id) values ('F0000012', 'INVALID TICKET', 'PENDING', '27-Mar-22', 'T00000000012', 'E0000006');
insert into refund (refund_id, reason, status, refund_date, ticket_id, employee_id) values ('F0000013', 'UNSATISFACTORY EXPERIENCE', 'REJECTED', '17-Oct-20', 'T00000000013', 'E0000007');
insert into refund (refund_id, reason, status, refund_date, ticket_id, employee_id) values ('F0000014', 'PERSONAL EMERGENCY', 'REJECTED', '24-Sep-21', 'T00000000014', 'E0000007');
insert into refund (refund_id, reason, status, refund_date, ticket_id, employee_id) values ('F0000015', 'SEAT UNAVAILABLE', 'APPROVED', '5-Nov-20', 'T00000000015', 'E0000008');
insert into refund (refund_id, reason, status, refund_date, ticket_id, employee_id) values ('F0000016', 'INVALID TICKET', 'PENDING', '5-Apr-21', 'T00000000016', 'E0000008');
insert into refund (refund_id, reason, status, refund_date, ticket_id, employee_id) values ('F0000017', 'TECHNICAL DIFFICULTIES', 'PENDING', '19-Feb-23', 'T00000000017', 'E0000009');
insert into refund (refund_id, reason, status, refund_date, ticket_id, employee_id) values ('F0000018', 'INCLEMENT WEATHER', 'REJECTED', '12-May-22', 'T00000000018', 'E0000009');
insert into refund (refund_id, reason, status, refund_date, ticket_id, employee_id) values ('F0000019', 'OVERBOOKED SHOW', 'REJECTED', '20-Apr-22', 'T00000000019', 'E0000010');
insert into refund (refund_id, reason, status, refund_date, ticket_id, employee_id) values ('F0000020', 'TECHNICAL DIFFICULTIES', 'REJECTED', '23-Aug-20', 'T00000000020', 'E0000010');
insert into refund (refund_id, reason, status, refund_date, ticket_id, employee_id) values ('F0000021', 'MEDICAL EMERGENCY', 'PENDING', '16-Aug-22', 'T00000000021', 'E0000011');
insert into refund (refund_id, reason, status, refund_date, ticket_id, employee_id) values ('F0000022', 'OVERBOOKED SHOW', 'REJECTED', '22-Aug-21', 'T00000000022', 'E0000011');
insert into refund (refund_id, reason, status, refund_date, ticket_id, employee_id) values ('F0000023', 'OVERBOOKED SHOW', 'APPROVED', '8-Jul-21', 'T00000000023', 'E0000012');
insert into refund (refund_id, reason, status, refund_date, ticket_id, employee_id) values ('F0000024', 'DUPLICATE TICKET', 'APPROVED', '15-Mar-21', 'T00000000024', 'E0000012');
insert into refund (refund_id, reason, status, refund_date, ticket_id, employee_id) values ('F0000025', 'SHOW CANCELLED', 'REJECTED', '12-Nov-21', 'T00000000025', 'E0000013');
insert into refund (refund_id, reason, status, refund_date, ticket_id, employee_id) values ('F0000026', 'TECHNICAL DIFFICULTIES', 'REJECTED', '29-Aug-22', 'T00000000026', 'E0000013');
insert into refund (refund_id, reason, status, refund_date, ticket_id, employee_id) values ('F0000027', 'SHOW CANCELLED', 'PENDING', '23-May-20', 'T00000000027', 'E0000014');
insert into refund (refund_id, reason, status, refund_date, ticket_id, employee_id) values ('F0000028', 'WRONG MOVIE', 'REJECTED', '27-Dec-22', 'T00000000028', 'E0000014');
insert into refund (refund_id, reason, status, refund_date, ticket_id, employee_id) values ('F0000029', 'INVALID TICKET', 'REJECTED', '6-Aug-20', 'T00000000029', 'E0000015');
insert into refund (refund_id, reason, status, refund_date, ticket_id, employee_id) values ('F0000030', 'PERSONAL EMERGENCY', 'REJECTED', '6-Sep-22', 'T00000000030', 'E0000015');
insert into refund (refund_id, reason, status, refund_date, ticket_id, employee_id) values ('F0000031', 'OVERBOOKED SHOW', 'REJECTED', '4-Sep-22', 'T00000000031', 'E0000016');
insert into refund (refund_id, reason, status, refund_date, ticket_id, employee_id) values ('F0000032', 'OVERBOOKED SHOW', 'APPROVED', '11-Jan-20', 'T00000000032', 'E0000016');
insert into refund (refund_id, reason, status, refund_date, ticket_id, employee_id) values ('F0000033', 'SHOW CANCELLED', 'PENDING', '4-Feb-20', 'T00000000033', 'E0000017');
insert into refund (refund_id, reason, status, refund_date, ticket_id, employee_id) values ('F0000034', 'INCLEMENT WEATHER', 'REJECTED', '12-Jun-21', 'T00000000034', 'E0000017');
insert into refund (refund_id, reason, status, refund_date, ticket_id, employee_id) values ('F0000035', 'UNSATISFACTORY EXPERIENCE', 'APPROVED', '21-Jun-20', 'T00000000035', 'E0000018');
insert into refund (refund_id, reason, status, refund_date, ticket_id, employee_id) values ('F0000036', 'INCLEMENT WEATHER', 'REJECTED', '30-Nov-22', 'T00000000036', 'E0000018');
insert into refund (refund_id, reason, status, refund_date, ticket_id, employee_id) values ('F0000037', 'SHOW CANCELLED', 'PENDING', '6-Oct-21', 'T00000000037', 'E0000019');
insert into refund (refund_id, reason, status, refund_date, ticket_id, employee_id) values ('F0000038', 'PERSONAL EMERGENCY', 'PENDING', '20-Oct-22', 'T00000000038', 'E0000019');
insert into refund (refund_id, reason, status, refund_date, ticket_id, employee_id) values ('F0000039', 'PERSONAL EMERGENCY', 'PENDING', '8-Nov-20', 'T00000000039', 'E0000020');
insert into refund (refund_id, reason, status, refund_date, ticket_id, employee_id) values ('F0000040', 'UNSATISFACTORY EXPERIENCE', 'APPROVED', '27-Nov-20', 'T00000000040', 'E0000020');
insert into refund (refund_id, reason, status, refund_date, ticket_id, employee_id) values ('F0000041', 'INCLEMENT WEATHER', 'PENDING', '12-Jan-20', 'T00000000041', 'E0000001');
insert into refund (refund_id, reason, status, refund_date, ticket_id, employee_id) values ('F0000042', 'MEDICAL EMERGENCY', 'APPROVED', '24-Feb-21', 'T00000000042', 'E0000001');
insert into refund (refund_id, reason, status, refund_date, ticket_id, employee_id) values ('F0000043', 'MEDICAL EMERGENCY', 'APPROVED', '17-Mar-23', 'T00000000043', 'E0000002');
insert into refund (refund_id, reason, status, refund_date, ticket_id, employee_id) values ('F0000044', 'PERSONAL EMERGENCY', 'APPROVED', '1-Oct-22', 'T00000000044', 'E0000002');
insert into refund (refund_id, reason, status, refund_date, ticket_id, employee_id) values ('F0000045', 'WRONG MOVIE', 'APPROVED', '24-Sep-21', 'T00000000045', 'E0000003');
insert into refund (refund_id, reason, status, refund_date, ticket_id, employee_id) values ('F0000046', 'PERSONAL EMERGENCY', 'APPROVED', '31-Jan-20', 'T00000000046', 'E0000003');
insert into refund (refund_id, reason, status, refund_date, ticket_id, employee_id) values ('F0000047', 'SHOW CANCELLED', 'PENDING', '30-Apr-21', 'T00000000047', 'E0000004');
insert into refund (refund_id, reason, status, refund_date, ticket_id, employee_id) values ('F0000048', 'MEDICAL EMERGENCY', 'PENDING', '4-Sep-20', 'T00000000048', 'E0000004');
insert into refund (refund_id, reason, status, refund_date, ticket_id, employee_id) values ('F0000049', 'INCLEMENT WEATHER', 'REJECTED', '7-Jun-20', 'T00000000049', 'E0000025');
insert into refund (refund_id, reason, status, refund_date, ticket_id, employee_id) values ('F0000050', 'UNSATISFACTORY EXPERIENCE', 'PENDING', '26-Sep-22', 'T00000000050', 'E0000025');
insert into refund (refund_id, reason, status, refund_date, ticket_id, employee_id) values ('F0000051', 'WRONG MOVIE', 'APPROVED', '2-Feb-20', 'T00000000051', 'E0000026');
insert into refund (refund_id, reason, status, refund_date, ticket_id, employee_id) values ('F0000052', 'TECHNICAL DIFFICULTIES', 'APPROVED', '9-May-20', 'T00000000052', 'E0000026');
insert into refund (refund_id, reason, status, refund_date, ticket_id, employee_id) values ('F0000053', 'OVERBOOKED SHOW', 'PENDING', '24-Mar-22', 'T00000000053', 'E0000027');
insert into refund (refund_id, reason, status, refund_date, ticket_id, employee_id) values ('F0000054', 'SHOW CANCELLED', 'PENDING', '24-Dec-22', 'T00000000054', 'E0000027');
insert into refund (refund_id, reason, status, refund_date, ticket_id, employee_id) values ('F0000055', 'INVALID TICKET', 'APPROVED', '23-Aug-22', 'T00000000055', 'E0000028');
insert into refund (refund_id, reason, status, refund_date, ticket_id, employee_id) values ('F0000056', 'UNSATISFACTORY EXPERIENCE', 'APPROVED', '21-Jun-22', 'T00000000056', 'E0000028');
insert into refund (refund_id, reason, status, refund_date, ticket_id, employee_id) values ('F0000057', 'TECHNICAL DIFFICULTIES', 'APPROVED', '3-Jul-20', 'T00000000057', 'E0000029');
insert into refund (refund_id, reason, status, refund_date, ticket_id, employee_id) values ('F0000058', 'TECHNICAL DIFFICULTIES', 'PENDING', '18-Aug-20', 'T00000000058', 'E0000029');
insert into refund (refund_id, reason, status, refund_date, ticket_id, employee_id) values ('F0000059', 'UNSATISFACTORY EXPERIENCE', 'PENDING', '18-Jul-22', 'T00000000059', 'E0000030');
insert into refund (refund_id, reason, status, refund_date, ticket_id, employee_id) values ('F0000060', 'DUPLICATE TICKET', 'REJECTED', '24-Jan-22', 'T00000000060', 'E0000030');
insert into refund (refund_id, reason, status, refund_date, ticket_id, employee_id) values ('F0000061', 'TECHNICAL DIFFICULTIES', 'PENDING', '11-Jul-20', 'T00000000061', 'E0000031');
insert into refund (refund_id, reason, status, refund_date, ticket_id, employee_id) values ('F0000062', 'MEDICAL EMERGENCY', 'APPROVED', '4-Jul-20', 'T00000000062', 'E0000031');
insert into refund (refund_id, reason, status, refund_date, ticket_id, employee_id) values ('F0000063', 'WRONG MOVIE', 'REJECTED', '14-May-22', 'T00000000063', 'E0000032');
insert into refund (refund_id, reason, status, refund_date, ticket_id, employee_id) values ('F0000064', 'MEDICAL EMERGENCY', 'REJECTED', '26-Jul-20', 'T00000000064', 'E0000032');
insert into refund (refund_id, reason, status, refund_date, ticket_id, employee_id) values ('F0000065', 'INCLEMENT WEATHER', 'APPROVED', '11-Mar-21', 'T00000000065', 'E0000033');
insert into refund (refund_id, reason, status, refund_date, ticket_id, employee_id) values ('F0000066', 'SEAT UNAVAILABLE', 'PENDING', '15-May-21', 'T00000000066', 'E0000033');
insert into refund (refund_id, reason, status, refund_date, ticket_id, employee_id) values ('F0000067', 'DUPLICATE TICKET', 'REJECTED', '2-Sep-20', 'T00000000067', 'E0000034');
insert into refund (refund_id, reason, status, refund_date, ticket_id, employee_id) values ('F0000068', 'UNSATISFACTORY EXPERIENCE', 'APPROVED', '27-Oct-21', 'T00000000068', 'E0000034');
insert into refund (refund_id, reason, status, refund_date, ticket_id, employee_id) values ('F0000069', 'PERSONAL EMERGENCY', 'PENDING', '4-Jun-22', 'T00000000069', 'E0000035');
insert into refund (refund_id, reason, status, refund_date, ticket_id, employee_id) values ('F0000070', 'SHOW CANCELLED', 'APPROVED', '20-Mar-21', 'T00000000070', 'E0000035');
insert into refund (refund_id, reason, status, refund_date, ticket_id, employee_id) values ('F0000071', 'TECHNICAL DIFFICULTIES', 'REJECTED', '17-Oct-22', 'T00000000071', 'E0000036');
insert into refund (refund_id, reason, status, refund_date, ticket_id, employee_id) values ('F0000072', 'TECHNICAL DIFFICULTIES', 'APPROVED', '4-May-21', 'T00000000072', 'E0000036');
insert into refund (refund_id, reason, status, refund_date, ticket_id, employee_id) values ('F0000073', 'PERSONAL EMERGENCY', 'PENDING', '29-Jun-21', 'T00000000073', 'E0000037');
insert into refund (refund_id, reason, status, refund_date, ticket_id, employee_id) values ('F0000074', 'INCLEMENT WEATHER', 'PENDING', '7-Dec-20', 'T00000000074', 'E0000037');
insert into refund (refund_id, reason, status, refund_date, ticket_id, employee_id) values ('F0000075', 'DUPLICATE TICKET', 'APPROVED', '11-Aug-21', 'T00000000075', 'E0000038');
insert into refund (refund_id, reason, status, refund_date, ticket_id, employee_id) values ('F0000076', 'OVERBOOKED SHOW', 'PENDING', '12-Sep-21', 'T00000000076', 'E0000038');
insert into refund (refund_id, reason, status, refund_date, ticket_id, employee_id) values ('F0000077', 'INCLEMENT WEATHER', 'REJECTED', '20-Apr-22', 'T00000000077', 'E0000039');
insert into refund (refund_id, reason, status, refund_date, ticket_id, employee_id) values ('F0000078', 'INVALID TICKET', 'REJECTED', '30-Nov-22', 'T00000000078', 'E0000039');
insert into refund (refund_id, reason, status, refund_date, ticket_id, employee_id) values ('F0000079', 'DUPLICATE TICKET', 'PENDING', '14-Apr-21', 'T00000000079', 'E0000040');
insert into refund (refund_id, reason, status, refund_date, ticket_id, employee_id) values ('F0000080', 'SEAT UNAVAILABLE', 'REJECTED', '8-Mar-22', 'T00000000080', 'E0000040');
insert into refund (refund_id, reason, status, refund_date, ticket_id, employee_id) values ('F0000081', 'TECHNICAL DIFFICULTIES', 'REJECTED', '23-Jan-20', 'T00000000081', 'E0000021');
insert into refund (refund_id, reason, status, refund_date, ticket_id, employee_id) values ('F0000082', 'OVERBOOKED SHOW', 'PENDING', '12-Feb-23', 'T00000000082', 'E0000021');
insert into refund (refund_id, reason, status, refund_date, ticket_id, employee_id) values ('F0000083', 'INVALID TICKET', 'REJECTED', '28-Sep-20', 'T00000000083', 'E0000022');
insert into refund (refund_id, reason, status, refund_date, ticket_id, employee_id) values ('F0000084', 'INVALID TICKET', 'APPROVED', '8-Feb-21', 'T00000000084', 'E0000022');
insert into refund (refund_id, reason, status, refund_date, ticket_id, employee_id) values ('F0000085', 'UNSATISFACTORY EXPERIENCE', 'PENDING', '5-Jan-21', 'T00000000085', 'E0000023');
insert into refund (refund_id, reason, status, refund_date, ticket_id, employee_id) values ('F0000086', 'UNSATISFACTORY EXPERIENCE', 'APPROVED', '24-May-20', 'T00000000086', 'E0000023');
insert into refund (refund_id, reason, status, refund_date, ticket_id, employee_id) values ('F0000087', 'INCLEMENT WEATHER', 'REJECTED', '17-Jan-20', 'T00000000087', 'E0000024');
insert into refund (refund_id, reason, status, refund_date, ticket_id, employee_id) values ('F0000088', 'TECHNICAL DIFFICULTIES', 'PENDING', '11-May-20', 'T00000000088', 'E0000024');
insert into refund (refund_id, reason, status, refund_date, ticket_id, employee_id) values ('F0000089', 'MEDICAL EMERGENCY', 'PENDING', '25-Jan-21', 'T00000000089', 'E0000025');
insert into refund (refund_id, reason, status, refund_date, ticket_id, employee_id) values ('F0000090', 'PERSONAL EMERGENCY', 'APPROVED', '21-Mar-21', 'T00000000090', 'E0000025');
insert into refund (refund_id, reason, status, refund_date, ticket_id, employee_id) values ('F0000091', 'SEAT UNAVAILABLE', 'REJECTED', '27-May-21', 'T00000000091', 'E0000026');
insert into refund (refund_id, reason, status, refund_date, ticket_id, employee_id) values ('F0000092', 'SEAT UNAVAILABLE', 'APPROVED', '12-Nov-21', 'T00000000092', 'E0000026');
insert into refund (refund_id, reason, status, refund_date, ticket_id, employee_id) values ('F0000093', 'SEAT UNAVAILABLE', 'PENDING', '13-Oct-20', 'T00000000093', 'E0000027');
insert into refund (refund_id, reason, status, refund_date, ticket_id, employee_id) values ('F0000094', 'MEDICAL EMERGENCY', 'REJECTED', '19-Jan-20', 'T00000000094', 'E0000027');
insert into refund (refund_id, reason, status, refund_date, ticket_id, employee_id) values ('F0000095', 'SHOW CANCELLED', 'PENDING', '12-Jul-22', 'T00000000095', 'E0000028');
insert into refund (refund_id, reason, status, refund_date, ticket_id, employee_id) values ('F0000096', 'WRONG MOVIE', 'APPROVED', '12-Oct-21', 'T00000000096', 'E0000028');
insert into refund (refund_id, reason, status, refund_date, ticket_id, employee_id) values ('F0000097', 'TECHNICAL DIFFICULTIES', 'APPROVED', '13-Mar-23', 'T00000000097', 'E0000029');
insert into refund (refund_id, reason, status, refund_date, ticket_id, employee_id) values ('F0000098', 'SEAT UNAVAILABLE', 'APPROVED', '14-Nov-20', 'T00000000098', 'E0000029');
insert into refund (refund_id, reason, status, refund_date, ticket_id, employee_id) values ('F0000099', 'SHOW CANCELLED', 'APPROVED', '16-Jun-21', 'T00000000099', 'E0000030');
insert into refund (refund_id, reason, status, refund_date, ticket_id, employee_id) values ('F0000100', 'WRONG MOVIE', 'REJECTED', '8-Sep-21', 'T00000000100', 'E0000030');
